,COMPANY_NAME,COMPANY_LINK
1,Encode Packaging,https://www.screener.in/company/530733/
2,ACE EduTremd Ltd,https://www.screener.in/company/530093/
3,Khyati Multimed.,https://www.screener.in/company/531692/
4,Rajvir Inds.,https://www.screener.in/company/RAJVIR/
5,Kiran Syntex,https://www.screener.in/company/530443/
6,Abhishek Infra.,https://www.screener.in/company/539544/consolidated/
7,Rajeswari Infra.,https://www.screener.in/company/526823/
8,Neogem India,https://www.screener.in/company/526195/
9,SBL Infratech,https://www.screener.in/company/543366/
10,Radhagobind Comm,https://www.screener.in/company/539673/
11,Svarnim Trade Ud,https://www.screener.in/company/539911/
12,Gangotri Textile,https://www.screener.in/company/GANGOTRI/
13,Sybly Industries,https://www.screener.in/company/531499/
14,Oxford Industrie,https://www.screener.in/company/514414/
15,India Radiators,https://www.screener.in/company/505100/
16,Epsom Properties,https://www.screener.in/company/531155/
17,Lak. Prec. Screw,https://www.screener.in/company/LAKPRE/
18,Unishire Urban,https://www.screener.in/company/537582/
19,Sikozy Realtors,https://www.screener.in/company/524642/
20,Sea TV Network,https://www.screener.in/company/533268/consolidated/
21,Aananda Lakshmi,https://www.screener.in/company/539096/
22,Ortel Commu.,https://www.screener.in/company/ORTEL/
23,Patidar Buildcon,https://www.screener.in/company/524031/
24,Olympic Cards,https://www.screener.in/company/534190/
25,Source Industrie,https://www.screener.in/company/521036/
26,Suumaya Corp.,https://www.screener.in/company/543274/
27,Gravity (India),https://www.screener.in/company/532015/
28,Harig Crankshaft,https://www.screener.in/company/500178/
29,UTL Industries,https://www.screener.in/company/500426/
30,United Textiles,https://www.screener.in/company/521188/
31,Mafia Trends,https://www.screener.in/company/543613/
32,Universal Arts,https://www.screener.in/company/532378/consolidated/
33,VXL Instruments,https://www.screener.in/company/517399/
34,Oscar Global,https://www.screener.in/company/530173/
35,Decorous Investm,https://www.screener.in/company/539405/
36,Athena Construc.,https://www.screener.in/company/539099/
37,JLA Infraville,https://www.screener.in/company/538765/
38,Spectra Industri,https://www.screener.in/company/513687/
39,Omkar Overseas,https://www.screener.in/company/531496/
40,Purple Entertain,https://www.screener.in/company/540159/
41,Net Avenue,https://www.screener.in/company/CBAZAAR/consolidated/
42,Nutech Global,https://www.screener.in/company/531304/
43,Woodsvilla,https://www.screener.in/company/526959/
44,Mega Nirman,https://www.screener.in/company/539767/
45,Golden Carpets,https://www.screener.in/company/531928/
46,Suncity Synth.,https://www.screener.in/company/530795/
47,Amit Internation,https://www.screener.in/company/531300/
48,Jayatma Industri,https://www.screener.in/company/531323/
49,Supertex Inds.,https://www.screener.in/company/526133/
50,Prashant India,https://www.screener.in/company/519014/
51,Kalahridhaan Tre,https://www.screener.in/company/KTL/
52,Mayur Leather,https://www.screener.in/company/531680/consolidated/
53,Filmcity Media,https://www.screener.in/company/531486/
54,Peeti Securities,https://www.screener.in/company/531352/
55,Vision Cinemas,https://www.screener.in/company/526441/consolidated/
56,Surbhi Industrie,https://www.screener.in/company/514260/
57,Purohit Const.,https://www.screener.in/company/538993/
58,Padmalaya Tele.,https://www.screener.in/company/PADMALAYAT/
59,Sailani Tours N,https://www.screener.in/company/543541/
60,Raconteur Global,https://www.screener.in/company/541703/
61,Naksh Precious,https://www.screener.in/company/539402/
62,Alps Industries,https://www.screener.in/company/ALPSINDUS/consolidated/
63,SAB Events,https://www.screener.in/company/SABEVENTS/
64,Kairosoft AI,https://www.screener.in/company/506122/
65,Vision Corpn.,https://www.screener.in/company/531668/
66,Sahaj Fashions,https://www.screener.in/company/SAHAJ/
67,Shanti Guru Inds,https://www.screener.in/company/534708/
68,KMF Builders,https://www.screener.in/company/531578/
69,Univa Foods,https://www.screener.in/company/UNIVAFOODS/
70,Shakti Press,https://www.screener.in/company/526841/
71,Amraworld Agrico,https://www.screener.in/company/531991/
72,NB Footwear,https://www.screener.in/company/523242/
73,East Buildtech,https://www.screener.in/company/507917/
74,Kuberan Global,https://www.screener.in/company/543289/
75,Magenta Life,https://www.screener.in/company/544188/
76,DAPS Advertising,https://www.screener.in/company/543651/
77,Santosh Fin Fab,https://www.screener.in/company/530035/
78,Prem. Synthetic,https://www.screener.in/company/509835/
79,Euro Leder Fash,https://www.screener.in/company/526468/
80,Kakatiya Textile,https://www.screener.in/company/521054/
81,Tejassvi Aaharam,https://www.screener.in/company/531628/
82,Sungold Media,https://www.screener.in/company/541799/
83,Sheshadri Indus.,https://www.screener.in/company/539111/
84,Haria Exports,https://www.screener.in/company/512604/
85,Finelistings Tec,https://www.screener.in/company/544173/
86,United Leasing,https://www.screener.in/company/507808/
87,Minaxi Textiles,https://www.screener.in/company/531456/
88,RLF,https://www.screener.in/company/512618/
89,Jagjanani Text.,https://www.screener.in/company/532825/
90,Haria Apparels,https://www.screener.in/company/538081/
91,Eurotex Industri,https://www.screener.in/company/EUROTEXIND/
92,SDC Techmedia,https://www.screener.in/company/535647/
93,Milestone Furn.,https://www.screener.in/company/541337/
94,Suvidha Infra.,https://www.screener.in/company/531640/
95,Mid India Inds.,https://www.screener.in/company/500277/
96,Shree Mfg. Co.,https://www.screener.in/company/503863/
97,Darshan Orna,https://www.screener.in/company/539884/
98,Sanathnagar Ent.,https://www.screener.in/company/509423/
99,Kush Industries,https://www.screener.in/company/514240/
100,Super Fine Knit.,https://www.screener.in/company/540269/
101,Veerkrupa Jewel,https://www.screener.in/company/543545/
102,Kiran Print Pack,https://www.screener.in/company/531413/
103,Kizi Apparels,https://www.screener.in/company/544221/
104,Future Ent. DVR,https://www.screener.in/company/FELDVR/
105,Crane Infra,https://www.screener.in/company/538770/
106,Suryavanshi Spg.,https://www.screener.in/company/514140/
107,Pasari Spinning,https://www.screener.in/company/521080/
108,Sunraj Diamond,https://www.screener.in/company/523425/consolidated/
109,Gujarat Cotex,https://www.screener.in/company/514386/
110,Shukra Jewellery,https://www.screener.in/company/523790/
111,GTN Textiles,https://www.screener.in/company/532744/consolidated/
112,Cemantic Infra,https://www.screener.in/company/538596/
113,Skyline Ventures,https://www.screener.in/company/538919/
114,R O Jewels,https://www.screener.in/company/543171/
115,Gallops Enterp.,https://www.screener.in/company/531902/
116,Usha Mart. Edu.,https://www.screener.in/company/UMESLTD/consolidated/
117,Rajas. Petro Syn,https://www.screener.in/company/RAJASPETRO/
118,Sanghvi Brands,https://www.screener.in/company/540782/consolidated/
119,Koura Fine Diamo,https://www.screener.in/company/544139/
120,Fone4 Communica.,https://www.screener.in/company/543521/
121,Perfect-Octave,https://www.screener.in/company/521062/
122,Innokaiz India,https://www.screener.in/company/543905/
123,MT Educare,https://www.screener.in/company/MTEDUCARE/consolidated/
124,Avax Apparels,https://www.screener.in/company/544337/
125,Seasons Textiles,https://www.screener.in/company/514264/
126,Sri Lak.Sar.Arni,https://www.screener.in/company/521161/
127,Sterling Green,https://www.screener.in/company/526500/consolidated/
128,Rishabh Sp. Yarn,https://www.screener.in/company/514177/
129,Lords Ishwar,https://www.screener.in/company/530065/
130,Gyan Developers,https://www.screener.in/company/530141/
131,Asian Warehous.,https://www.screener.in/company/543927/
132,Sri Nacha. Cott.,https://www.screener.in/company/521234/
133,Shubhlaxmi Jewel,https://www.screener.in/company/SHUBHLAXMI/
134,Amforge Inds.,https://www.screener.in/company/513117/
135,Globale Tessile,https://www.screener.in/company/GLOBALE/
136,Winsome Yarns,https://www.screener.in/company/WINSOME/
137,Ladam Affordab.,https://www.screener.in/company/540026/consolidated/
138,Manor Estates,https://www.screener.in/company/526115/
139,Popees Cares,https://www.screener.in/company/530565/
140,Hathway Bhawani,https://www.screener.in/company/509073/consolidated/
141,Tuni Text. Mills,https://www.screener.in/company/531411/
142,Croissance Ltd,https://www.screener.in/company/531909/
143,Vijay Textiles,https://www.screener.in/company/530151/
144,R J Shah & Co,https://www.screener.in/company/509845/
145,Resourceful Auto,https://www.screener.in/company/544236/
146,S K Internation.,https://www.screener.in/company/542728/
147,Uniroyal Ind,https://www.screener.in/company/521226/consolidated/
148,Gautam Gems,https://www.screener.in/company/540936/
149,Advance Lifes.,https://www.screener.in/company/521048/
150,Creative Eye,https://www.screener.in/company/CREATIVEYE/
151,Eastern Treads,https://www.screener.in/company/531346/
152,JMD Ventures,https://www.screener.in/company/511092/
153,Vivaa Tradecom,https://www.screener.in/company/544002/
154,Ras Resorts,https://www.screener.in/company/507966/
155,Asia Pack,https://www.screener.in/company/530899/
156,Garware Marine,https://www.screener.in/company/509563/
157,Simplex Mills,https://www.screener.in/company/533018/
158,Kenrik Indust.,https://www.screener.in/company/544398/
159,Jet Solar,https://www.screener.in/company/538794/
160,Prag Bosimi Syn.,https://www.screener.in/company/500192/consolidated/
161,Sibar Auto Parts,https://www.screener.in/company/520141/
162,Classic Filament,https://www.screener.in/company/540310/
163,Winny Immigratio,https://www.screener.in/company/WINNY/
164,Laddu Gopal,https://www.screener.in/company/537707/
165,Interworld Digi.,https://www.screener.in/company/532072/
166,BGIL Films & Tec,https://www.screener.in/company/511664/
167,Lypsa Gems,https://www.screener.in/company/LYPSAGEMS/consolidated/
168,Dhanuka Realty,https://www.screener.in/company/DRL/consolidated/
169,Sh. Krish. Infr.,https://www.screener.in/company/542146/
170,S.M. Gold,https://www.screener.in/company/542034/
171,Adhata Global,https://www.screener.in/company/531286/
172,South Asian Ent.,https://www.screener.in/company/526477/consolidated/
173,Jaipan Industrie,https://www.screener.in/company/505840/
174,Adinath Textiles,https://www.screener.in/company/514113/
175,V R Films & Stud,https://www.screener.in/company/542654/
176,Meyer Apparel,https://www.screener.in/company/531613/
177,Radaan Media.,https://www.screener.in/company/RADAAN/consolidated/
178,Veritaas Adver.,https://www.screener.in/company/VERITAAS/
179,Cityman,https://www.screener.in/company/521210/
180,Kandagiri Spinng,https://www.screener.in/company/521242/
181,Vaxtex Cotfab,https://www.screener.in/company/VCL/
182,Shricon Indus.,https://www.screener.in/company/508961/
183,Educomp Sol.,https://www.screener.in/company/EDUCOMP/
184,Silly Monks,https://www.screener.in/company/SILLYMONKS/consolidated/
185,Niraj Ispat Ind.,https://www.screener.in/company/NIRAJISPAT/
186,Mish Designs,https://www.screener.in/company/544015/
187,Sover. Diamonds,https://www.screener.in/company/523826/
188,Samtex Fashion,https://www.screener.in/company/521206/consolidated/
189,S & T Corporatio,https://www.screener.in/company/514197/consolidated/
190,Krishna Vent.,https://www.screener.in/company/504392/
191,Sharpline Broadc,https://www.screener.in/company/543341/consolidated/
192,Crystal Business,https://www.screener.in/company/540821/
193,Velan Hotels,https://www.screener.in/company/526755/
194,Hisar Spg. Mills,https://www.screener.in/company/521068/
195,Davin Sons Reta,https://www.screener.in/company/544331/
196,SSPDL Ltd,https://www.screener.in/company/530821/consolidated/
197,Gajanand Inter.,https://www.screener.in/company/GAJANAND/
198,Konark Synth,https://www.screener.in/company/514128/consolidated/
199,Kallam Textiles,https://www.screener.in/company/530201/
200,Technopack Poly.,https://www.screener.in/company/543656/
201,Indo Cotspin,https://www.screener.in/company/538838/
202,Olympia Industri,https://www.screener.in/company/521105/
203,Scarnose Inter.,https://www.screener.in/company/543537/
204,Amin Tannery,https://www.screener.in/company/541771/
205,Varyaa Creations,https://www.screener.in/company/544168/
206,Max Heights,https://www.screener.in/company/534338/
207,Adhbhut Infra.,https://www.screener.in/company/539189/
208,Ajwa Fun World,https://www.screener.in/company/526628/
209,Parmeshwari Silk,https://www.screener.in/company/540467/
210,Ventura Textiles,https://www.screener.in/company/516098/
211,York Exports,https://www.screener.in/company/530675/consolidated/
212,Goblin India,https://www.screener.in/company/542850/consolidated/
213,Shashwat Furnis.,https://www.screener.in/company/543519/consolidated/
214,Bikewo Green,https://www.screener.in/company/BIKEWO/
215,Valson Industrie,https://www.screener.in/company/530459/
216,TV Vision,https://www.screener.in/company/TVVISION/consolidated/
217,Howard Hotels,https://www.screener.in/company/526761/
218,Yaan Enterprises,https://www.screener.in/company/538521/
219,Virtual Global,https://www.screener.in/company/534741/consolidated/
220,Humming Bird Edu,https://www.screener.in/company/542592/consolidated/
221,G-Tec Janix,https://www.screener.in/company/GTECJAINX/consolidated/
222,Naturewings Hol.,https://www.screener.in/company/544245/
223,Rap Corp,https://www.screener.in/company/531583/consolidated/
224,Triton Corp.,https://www.screener.in/company/523387/consolidated/
225,Vamshi Rubber,https://www.screener.in/company/530369/
226,Cindrella Hotels,https://www.screener.in/company/526373/
227,Inspire Films,https://www.screener.in/company/INSPIRE/
228,NAPS Global,https://www.screener.in/company/544373/
229,K-Lifestyle,https://www.screener.in/company/514221/
230,Reliable Ventur.,https://www.screener.in/company/532124/
231,Best Eastern Hot,https://www.screener.in/company/508664/
232,RTCL,https://www.screener.in/company/531552/consolidated/
233,Steel Strips Inf,https://www.screener.in/company/513173/consolidated/
234,Cyber Media Res.,https://www.screener.in/company/CMRSL/consolidated/
235,SVS Ventures,https://www.screener.in/company/543745/
236,Visagar Polytex,https://www.screener.in/company/VIVIDHA/
237,H. S. India,https://www.screener.in/company/532145/
238,Madhya Prad. Tod,https://www.screener.in/company/MPTODAY/
239,Neo Infracon,https://www.screener.in/company/514332/consolidated/
240,Orosil Smiths,https://www.screener.in/company/531626/
241,Narendra Prop.,https://www.screener.in/company/531416/
242,Parshwanath Corp,https://www.screener.in/company/511176/
243,Jainex Aamcol,https://www.screener.in/company/505212/
244,Sanblue Corp.,https://www.screener.in/company/521222/
245,Mandeep Auto,https://www.screener.in/company/MANDEEP/
246,Patspin India,https://www.screener.in/company/514326/
247,ESI,https://www.screener.in/company/EASTSILK/
248,Bluechip Tex Ind,https://www.screener.in/company/506981/
249,JHS Svend.Retail,https://www.screener.in/company/RETAIL/
250,Aruna Hotels,https://www.screener.in/company/500016/
251,Gujarat Hy-Spin,https://www.screener.in/company/540938/
252,Sarup Industries,https://www.screener.in/company/514412/
253,Polo Hotels,https://www.screener.in/company/526687/
254,Cochin Malabar,https://www.screener.in/company/508571/
255,Zenith Fibres,https://www.screener.in/company/514266/
256,Kotia Enterprise,https://www.screener.in/company/539599/
257,Shoora Designs,https://www.screener.in/company/543970/
258,Colorchips New,https://www.screener.in/company/540023/
259,Add-Shop E-Reta.,https://www.screener.in/company/541865/
260,7NR Retail Ltd,https://www.screener.in/company/540615/
261,Heads UP Venture,https://www.screener.in/company/HEADSUP/consolidated/
262,Mediaone Global,https://www.screener.in/company/503685/
263,RSC Internl.,https://www.screener.in/company/530179/
264,Bombay Talkies,https://www.screener.in/company/511246/
265,Shree Bhavya,https://www.screener.in/company/521131/
266,Aspire & Innovat,https://www.screener.in/company/ASPIRE/
267,Sattva Sukun,https://www.screener.in/company/539519/
268,Subhash Silk,https://www.screener.in/company/530231/
269,Libas Consumer,https://www.screener.in/company/LIBAS/consolidated/
270,Goel Food,https://www.screener.in/company/543538/
271,Precision Metal.,https://www.screener.in/company/PRECISION/
272,Moxsh Overseas,https://www.screener.in/company/MOXSH/consolidated/
273,Prakash Woollen,https://www.screener.in/company/531437/
274,Winpro Industrie,https://www.screener.in/company/WINPRO/
275,Bhakti Gems,https://www.screener.in/company/540545/
276,Ahasolar Technol,https://www.screener.in/company/543941/consolidated/
277,Vas Infra.,https://www.screener.in/company/531574/
278,MPDL Ltd,https://www.screener.in/company/532723/consolidated/
279,Docmode Health,https://www.screener.in/company/DHTL/consolidated/
280,Mahalaxmi Fab.,https://www.screener.in/company/MFML/consolidated/
281,IITL Projects,https://www.screener.in/company/531968/
282,Ace Men,https://www.screener.in/company/539661/
283,Maris Spinners,https://www.screener.in/company/531503/
284,Kamanwala Housin,https://www.screener.in/company/511131/consolidated/
285,Hindoo. Mills,https://www.screener.in/company/509895/
286,Pasupati Spinng.,https://www.screener.in/company/503092/
287,Cyber Media Ind,https://www.screener.in/company/CYBERMEDIA/consolidated/
288,Khoobsurat Ltd,https://www.screener.in/company/535730/
289,Spenta Intl.,https://www.screener.in/company/526161/
290,Nivaka Fashions,https://www.screener.in/company/542206/
291,Katare Spinning,https://www.screener.in/company/502933/
292,Thinkink Picture,https://www.screener.in/company/539310/
293,Paramount Dye,https://www.screener.in/company/PARAMOUNT/
294,Retaggio Indust.,https://www.screener.in/company/544391/
295,Cell Point,https://www.screener.in/company/CELLPOINT/
296,Aditya Spinners,https://www.screener.in/company/521141/
297,Sri Ramakr. Mill,https://www.screener.in/company/521178/
298,Unick Fix-A-Form,https://www.screener.in/company/541503/
299,Orient Tradelink,https://www.screener.in/company/531512/
300,Future Lifestyle,https://www.screener.in/company/FLFL/consolidated/
301,Valencia India,https://www.screener.in/company/544433/
302,Goenka Diamond,https://www.screener.in/company/GOENKA/consolidated/
303,Rajkamal Synth.,https://www.screener.in/company/514028/consolidated/
304,Morarjee Text.,https://www.screener.in/company/MORARJEE/
305,Piotex Indus.,https://www.screener.in/company/544178/
306,TGB Banquets,https://www.screener.in/company/TGBHOTELS/
307,Spice IslandsInd,https://www.screener.in/company/526827/
308,KKV Agro Powers,https://www.screener.in/company/KKVAPOW/
309,Debock Industrie,https://www.screener.in/company/DIL/
310,Travels & Rent.,https://www.screener.in/company/544242/
311,Eighty Jewellers,https://www.screener.in/company/543518/
312,Gem Spinners,https://www.screener.in/company/521133/
313,Press. Senstive,https://www.screener.in/company/526773/
314,Martin Burn,https://www.screener.in/company/523566/
315,Tree House Edu.,https://www.screener.in/company/TREEHOUSE/consolidated/
316,STL Global,https://www.screener.in/company/SGL/
317,DSJ Keep Learn,https://www.screener.in/company/KEEPLEARN/
318,Gorani Industrie,https://www.screener.in/company/531608/
319,Anjani Synth.,https://www.screener.in/company/531223/
320,H P Cotton Tex,https://www.screener.in/company/502873/
321,Suryaamba Spinni,https://www.screener.in/company/533101/
322,Neelam Linens,https://www.screener.in/company/NEELAM/
323,Kaushalya Infra.,https://www.screener.in/company/KAUSHALYA/consolidated/
324,Prabhhans Inds,https://www.screener.in/company/530361/
325,Siti Networks,https://www.screener.in/company/SITINET/consolidated/
326,Laxmi Cotspin,https://www.screener.in/company/LAXMICOT/
327,Mac Hotels,https://www.screener.in/company/541973/
328,Signoria Creatio,https://www.screener.in/company/SIGNORIA/
329,Picturepost Stu.,https://www.screener.in/company/PPSL/
330,Kapil Cotex,https://www.screener.in/company/512036/consolidated/
331,Kenvi Jewels,https://www.screener.in/company/540953/
332,Kanani Industrie,https://www.screener.in/company/KANANIIND/consolidated/
333,Esha Media,https://www.screener.in/company/531259/
334,Madhav Marbles,https://www.screener.in/company/MADHAV/consolidated/
335,Marc Loire,https://www.screener.in/company/544437/
336,EL Forge,https://www.screener.in/company/531144/
337,Prime Urban,https://www.screener.in/company/521149/consolidated/
338,Lamosaic India,https://www.screener.in/company/LAMOSAIC/
339,Future Enterp.,https://www.screener.in/company/FEL/
340,Infomedia Press,https://www.screener.in/company/INFOMEDIA/
341,K G Denim,https://www.screener.in/company/500239/consolidated/
342,Inland Printers,https://www.screener.in/company/530787/
343,Mohit Industries,https://www.screener.in/company/MOHITIND/consolidated/
344,SVP Global,https://www.screener.in/company/SVPGLOB/consolidated/
345,Sparkle GoldRock,https://www.screener.in/company/530037/
346,Prit Nandy Comm.,https://www.screener.in/company/PNC/consolidated/
347,Swasti Vinayaka,https://www.screener.in/company/510245/
348,GTN Industries,https://www.screener.in/company/500170/
349,Next Mediaworks,https://www.screener.in/company/NEXTMEDIA/consolidated/
350,Jaihind Synth,https://www.screener.in/company/514312/
351,Vashishtha Lux.,https://www.screener.in/company/544508/
352,Sh. Rajas. Synt.,https://www.screener.in/company/503837/
353,U. H. Zaveri,https://www.screener.in/company/541338/
354,PBM Polytex,https://www.screener.in/company/514087/consolidated/
355,Tatia Global,https://www.screener.in/company/521228/consolidated/
356,Picturehouse,https://www.screener.in/company/532355/consolidated/
357,Manoj Jewellers,https://www.screener.in/company/544400/
358,MKP Mobility,https://www.screener.in/company/521244/consolidated/
359,Tirupati Sarjan,https://www.screener.in/company/531814/
360,Baba Arts,https://www.screener.in/company/532380/
361,LGT Business,https://www.screener.in/company/544489/
362,Gothi Plascon,https://www.screener.in/company/531111/
363,United Cotfab,https://www.screener.in/company/544195/
364,Southern Latex,https://www.screener.in/company/514454/
365,Sai Swami Metals,https://www.screener.in/company/544170/consolidated/
366,Grovy India,https://www.screener.in/company/539522/
367,Shubham Polyspin,https://www.screener.in/company/542019/
368,Diligent Media,https://www.screener.in/company/DNAMEDIA/
369,Thinking Hats,https://www.screener.in/company/THESL/
370,Dhanlaxmi Fabric,https://www.screener.in/company/521151/consolidated/
371,Zodiac-JRD MKJ,https://www.screener.in/company/512587/
372,Tirupati Foam,https://www.screener.in/company/540904/
373,Archidply Decor,https://www.screener.in/company/ADL/
374,M M Rubber,https://www.screener.in/company/509196/
375,Anirit Ventures,https://www.screener.in/company/530705/
376,High Street Fila,https://www.screener.in/company/531301/
377,Rachit Prints,https://www.screener.in/company/544503/
378,Super Spinning,https://www.screener.in/company/SUPERSPIN/
379,Pearl Polymers,https://www.screener.in/company/PEARLPOLY/
380,Rasandik Engg.,https://www.screener.in/company/522207/
381,Pace E-Commerce,https://www.screener.in/company/543637/
382,Radiowalla,https://www.screener.in/company/RADIOWALLA/consolidated/
383,Titaanium Ten,https://www.screener.in/company/539985/
384,Pecos Hotels,https://www.screener.in/company/539273/
385,Sambandam Spg.,https://www.screener.in/company/521240/
386,G S Auto Intl.,https://www.screener.in/company/513059/
387,Jupiter Info.,https://www.screener.in/company/534623/consolidated/
388,Shalimar Prod.,https://www.screener.in/company/512499/
389,Akshar Spintex,https://www.screener.in/company/AKSHAR/
390,Modipon,https://www.screener.in/company/503776/
391,Supertech EV,https://www.screener.in/company/544428/
392,Arex Industries,https://www.screener.in/company/526851/
393,Gokak Textiles,https://www.screener.in/company/532957/consolidated/
394,Vinny Overseas,https://www.screener.in/company/VINNY/
395,Shantidoot Infra,https://www.screener.in/company/543598/
396,Jindal Hotels,https://www.screener.in/company/507981/
397,Aro Granite Inds,https://www.screener.in/company/AROGRANITE/
398,AJC Jewel,https://www.screener.in/company/544425/
399,Toss The Coin,https://www.screener.in/company/544303/
400,LCC Infotech,https://www.screener.in/company/LCCINFOTEC/
401,Ganga Bath Fitt.,https://www.screener.in/company/GANGABATH/
402,Lexus Granito,https://www.screener.in/company/LEXUS/
403,Simplex Realty,https://www.screener.in/company/503229/consolidated/
404,Ultra Wiring,https://www.screener.in/company/UWCSL/
405,Citadel Realty,https://www.screener.in/company/502445/consolidated/
406,Eureka Industrie,https://www.screener.in/company/521137/
407,Vivid Mercantile,https://www.screener.in/company/542046/
408,Identical Brains,https://www.screener.in/company/IDENTICAL/
409,Divyadhan Recy.,https://www.screener.in/company/DIVYADHAN/
410,Country Condo,https://www.screener.in/company/COUNCODOS/
411,Jagan Lamps,https://www.screener.in/company/530711/
412,Prime Property,https://www.screener.in/company/530695/consolidated/
413,Mishka Exim,https://www.screener.in/company/539220/
414,Rodium Realty,https://www.screener.in/company/531822/consolidated/
415,Garment Mantra,https://www.screener.in/company/539216/consolidated/
416,ASL Industries,https://www.screener.in/company/ASLIND/
417,Ansal Properties,https://www.screener.in/company/ANSALAPI/consolidated/
418,Homesfy Realty,https://www.screener.in/company/HOMESFY/consolidated/
419,Victoria Mills,https://www.screener.in/company/503349/
420,Mittal Life Styl,https://www.screener.in/company/MITTAL/consolidated/
421,Tirupati Tyres,https://www.screener.in/company/539040/
422,Celebrity Fash.,https://www.screener.in/company/CELEBRITY/
423,SwarnsaritaJewel,https://www.screener.in/company/526365/consolidated/
424,Sam Industries,https://www.screener.in/company/532005/
425,Khaitan (India),https://www.screener.in/company/KHAITANLTD/
426,Jamshri Realty,https://www.screener.in/company/502901/
427,Vels Film,https://www.screener.in/company/VELS/consolidated/
428,Graphisads,https://www.screener.in/company/GRAPHISAD/consolidated/
429,V R Woodart,https://www.screener.in/company/523888/
430,Ironwood Educa,https://www.screener.in/company/508918/consolidated/
431,Durlax Top,https://www.screener.in/company/DURLAX/
432,G V Films,https://www.screener.in/company/523277/consolidated/
433,Golden Tobacco,https://www.screener.in/company/GOLDENTOBC/consolidated/
434,iStreet Network,https://www.screener.in/company/524622/
435,Veeram Securit.,https://www.screener.in/company/540252/
436,Deep Diamond,https://www.screener.in/company/539559/
437,Padam Cotton,https://www.screener.in/company/531395/
438,Sri Havisha,https://www.screener.in/company/HAVISHA/
439,Shiva Mills,https://www.screener.in/company/SHIVAMILLS/
440,Kamadgiri Fash.,https://www.screener.in/company/514322/
441,Sanrhea Tech.,https://www.screener.in/company/514280/
442,Dhanalaxmi Roto,https://www.screener.in/company/521216/
443,Damodar Indust.,https://www.screener.in/company/DAMODARIND/
444,Atlas Cycles,https://www.screener.in/company/ATLASCYCLE/
445,Ansal Buildwell,https://www.screener.in/company/523007/consolidated/
446,Wires & Fabriks,https://www.screener.in/company/507817/
447,Dev Labtech,https://www.screener.in/company/543848/
448,Bang Overseas,https://www.screener.in/company/BANG/consolidated/
449,Oriental Trimex,https://www.screener.in/company/ORIENTALTL/
450,Ashnoor Textile,https://www.screener.in/company/507872/
451,Sky Industries,https://www.screener.in/company/526479/
452,Premium Plast,https://www.screener.in/company/PREMIUM/
453,Shristi Infra,https://www.screener.in/company/511411/consolidated/
454,Comrade Applian.,https://www.screener.in/company/543921/
455,Grill Splendour,https://www.screener.in/company/BIRDYS/
456,Flexituff Vent.,https://www.screener.in/company/FLEXITUFF/consolidated/
457,Mohite Industrie,https://www.screener.in/company/532140/consolidated/
458,Nandani Creation,https://www.screener.in/company/JAIPURKURT/
459,Jakharia Fabric,https://www.screener.in/company/JAKHARIA/consolidated/
460,Betex India,https://www.screener.in/company/512477/
461,Ascensive Educa.,https://www.screener.in/company/543443/
462,Ansal Housing,https://www.screener.in/company/507828/consolidated/
463,Archies,https://www.screener.in/company/ARCHIES/
464,Garnet Construct,https://www.screener.in/company/526727/
465,Blue Pebble,https://www.screener.in/company/BLUEPEBBLE/
466,Super Tannery,https://www.screener.in/company/523842/consolidated/
467,Royale Manor,https://www.screener.in/company/526640/
468,Jungle Camps,https://www.screener.in/company/544304/consolidated/
469,Kretto Syscon,https://www.screener.in/company/531328/
470,Trescon,https://www.screener.in/company/532159/consolidated/
471,Elegant Marbles,https://www.screener.in/company/526705/
472,Shalimar Wires,https://www.screener.in/company/532455/
473,Royal Cush. Vin.,https://www.screener.in/company/526193/
474,Pulz Electronics,https://www.screener.in/company/PULZ/consolidated/
475,Universal Auto.,https://www.screener.in/company/539314/
476,Future Consumer,https://www.screener.in/company/FCONSUMER/consolidated/
477,Vishal Bearings,https://www.screener.in/company/539398/
478,Hari Govind Intl,https://www.screener.in/company/531971/
479,APM Industries,https://www.screener.in/company/523537/
480,On Door Concepts,https://www.screener.in/company/ONDOOR/
481,Vantage Knowledg,https://www.screener.in/company/539761/
482,Baweja Studios L,https://www.screener.in/company/BAWEJA/
483,Ahlada Engineers,https://www.screener.in/company/AHLADA/
484,Royal India Corp,https://www.screener.in/company/512047/
485,Maxgrow India,https://www.screener.in/company/521167/consolidated/
486,Shekhawati Inds,https://www.screener.in/company/SHEKHAWATI/
487,Aditya Consumer,https://www.screener.in/company/540146/
488,Ecoboard Inds.,https://www.screener.in/company/523732/
489,Silky Overseas,https://www.screener.in/company/SILKY/
490,Riba Textiles,https://www.screener.in/company/531952/
491,COSCO (India),https://www.screener.in/company/530545/
492,Gujarat Hotels,https://www.screener.in/company/507960/
493,Deepak Spinners,https://www.screener.in/company/514030/
494,Shervani Indl Sy,https://www.screener.in/company/526117/consolidated/
495,Nagreeka Exports,https://www.screener.in/company/NAGREEKEXP/
496,Vippy Spinpro,https://www.screener.in/company/514302/
497,Vikram Kamats,https://www.screener.in/company/539659/consolidated/
498,Innovative Tyres,https://www.screener.in/company/ITTL/
499,Kabra Jewels,https://www.screener.in/company/KKJEWELS/
500,Virya Resources,https://www.screener.in/company/512479/consolidated/
501,Eco Hotels,https://www.screener.in/company/514402/consolidated/
502,Delta Auto.,https://www.screener.in/company/DELTIC/
503,Digikore Studios,https://www.screener.in/company/DIGIKORE/
504,Viaz Tyres,https://www.screener.in/company/VIAZ/
505,Party Cruisers,https://www.screener.in/company/PARTYCRUS/
506,AKI India,https://www.screener.in/company/AKI/consolidated/
507,Acknit Indus.,https://www.screener.in/company/530043/
508,Priti Internati.,https://www.screener.in/company/PRITI/
509,Kundan Edifice,https://www.screener.in/company/KEL/
510,Blu.Coast Hotel.,https://www.screener.in/company/BLUECOAST/consolidated/
511,Porwal Auto Comp,https://www.screener.in/company/532933/
512,Restile Ceramics,https://www.screener.in/company/515085/
513,E-Land Apparel,https://www.screener.in/company/532820/
514,TSC India,https://www.screener.in/company/TSC/consolidated/
515,Rexpro Enter.,https://www.screener.in/company/REXPRO/
516,Saj Hotels,https://www.screener.in/company/SAJHOTELS/consolidated/
517,Touchwood Enter.,https://www.screener.in/company/TOUCHWOOD/
518,Kranti Industrie,https://www.screener.in/company/542459/consolidated/
519,Citizen Infoline,https://www.screener.in/company/538786/
520,Naman In-Store,https://www.screener.in/company/NAMAN/
521,Regency Ceramics,https://www.screener.in/company/REGENCERAM/
522,Bhandari Hosiery,https://www.screener.in/company/BHANDARI/
523,Pion. Embroider.,https://www.screener.in/company/PIONEEREMB/consolidated/
524,Digjam,https://www.screener.in/company/DIGJAMLMTD/
525,Landmark Prop.,https://www.screener.in/company/LPDC/
526,SPL Industries,https://www.screener.in/company/SPLIL/
527,Landmark Global,https://www.screener.in/company/544341/
528,Retina Paints,https://www.screener.in/company/543902/
529,Prerna Infra.,https://www.screener.in/company/531802/consolidated/
530,Jattashankar Ind,https://www.screener.in/company/514318/
531,Bhilwara Spinner,https://www.screener.in/company/514272/
532,Shanti Spintex,https://www.screener.in/company/544059/
533,Studio LSD,https://www.screener.in/company/STUDIOLSD/
534,SEL Mfg. Co,https://www.screener.in/company/SELMC/
535,Cinevista,https://www.screener.in/company/CINEVISTA/consolidated/
536,Fonebox Retail,https://www.screener.in/company/FONEBOX/
537,Banaras Beads,https://www.screener.in/company/BANARBEADS/
538,Kaushalya,https://www.screener.in/company/KLL/consolidated/
539,Amarjothi Spg.,https://www.screener.in/company/521097/consolidated/
540,Globe Textiles,https://www.screener.in/company/GLOBE/consolidated/
541,Fiberweb (India),https://www.screener.in/company/FIBERWEB/
542,Shri Krishna,https://www.screener.in/company/531080/consolidated/
543,N R Vandana,https://www.screener.in/company/NRVANDANA/consolidated/
544,Maxposure,https://www.screener.in/company/MAXPOSURE/
545,Sylvan Plyboard,https://www.screener.in/company/SYLVANPLY/
546,Raja Bahadur Int,https://www.screener.in/company/503127/
547,Jasch Industries,https://www.screener.in/company/500220/
548,Crayons Advertis,https://www.screener.in/company/CRAYONS/consolidated/
549,SAL Automotive,https://www.screener.in/company/539353/
550,Art Nirman Ltd,https://www.screener.in/company/ARTNIRMAN/
551,Golkunda Diamond,https://www.screener.in/company/523676/
552,Shine Fashions,https://www.screener.in/company/543244/
553,Tokyo Plast Intl,https://www.screener.in/company/TOKYOPLAST/consolidated/
554,Standard Inds.,https://www.screener.in/company/SIL/consolidated/
555,Suryalak. Cott.,https://www.screener.in/company/SURYALAXMI/
556,Rel. Chemotex,https://www.screener.in/company/RELCHEMQ/
557,Siddhika Coatins,https://www.screener.in/company/SIDDHIKA/
558,Radhe Develop.,https://www.screener.in/company/531273/
559,Ken Enter.,https://www.screener.in/company/KEN/consolidated/
560,Skyline Millars,https://www.screener.in/company/505650/
561,New Swan,https://www.screener.in/company/544082/
562,Jetking Infotrai,https://www.screener.in/company/517063/consolidated/
563,MRP Agro,https://www.screener.in/company/543262/
564,Patdiam Jeweller,https://www.screener.in/company/539401/
565,Digidrive Dist.,https://www.screener.in/company/DIGIDRIVE/consolidated/
566,Auto Pins (I),https://www.screener.in/company/531994/
567,Addi Industries,https://www.screener.in/company/507852/consolidated/
568,Lambodhara Text.,https://www.screener.in/company/LAMBODHARA/
569,SNL Bearings,https://www.screener.in/company/505827/
570,Jay Ambe Super.,https://www.screener.in/company/544514/
571,Zenith Exports,https://www.screener.in/company/ZENITHEXPO/
572,Lovable Lingerie,https://www.screener.in/company/LOVABLE/
573,Sellowrap Indus.,https://www.screener.in/company/SELLOWRAP/consolidated/
574,Samkrg Pistons,https://www.screener.in/company/520075/
575,W I Plywoods,https://www.screener.in/company/WIPL/consolidated/
576,Kaytex Fabrics,https://www.screener.in/company/KAYTEX/
577,KG Petrochem,https://www.screener.in/company/531609/
578,Surat Trade,https://www.screener.in/company/530185/
579,H D I L,https://www.screener.in/company/HDIL/
580,Calcom Vision,https://www.screener.in/company/517236/
581,Ausom Enter.,https://www.screener.in/company/AUSOMENT/consolidated/
582,Vipul Ltd,https://www.screener.in/company/VIPULLTD/consolidated/
583,Maruti Interior,https://www.screener.in/company/543464/
584,Loyal Textile,https://www.screener.in/company/LOYALTEX/consolidated/
585,Pacific Inds,https://www.screener.in/company/523483/consolidated/
586,Salona Cotspin,https://www.screener.in/company/SALONA/
587,Bhudevi Infra,https://www.screener.in/company/526488/
588,Manoj Ceramic,https://www.screener.in/company/544073/
589,Moksh Ornaments,https://www.screener.in/company/MOKSH/
590,Rajnish Retail,https://www.screener.in/company/530525/
591,Prima Plastics,https://www.screener.in/company/530589/consolidated/
592,Aarnav Fashions,https://www.screener.in/company/539562/
593,Narbada Gems,https://www.screener.in/company/519455/
594,Compucom Soft.,https://www.screener.in/company/COMPUSOFT/consolidated/
595,Thakkers Develp.,https://www.screener.in/company/526654/consolidated/
596,Umiya Mobile,https://www.screener.in/company/544464/
597,Scoobee Garments,https://www.screener.in/company/531234/
598,Sharp India,https://www.screener.in/company/523449/
599,Chetana Educa.,https://www.screener.in/company/CHETANA/consolidated/
600,Lagnam Spintex,https://www.screener.in/company/LAGNAM/
601,Osiajee Texfab,https://www.screener.in/company/540198/consolidated/
602,Premco Global,https://www.screener.in/company/530331/consolidated/
603,Bhagwati Auto,https://www.screener.in/company/504646/
604,Bluegod Enterta.,https://www.screener.in/company/539175/
605,Suryalata Spg.,https://www.screener.in/company/514138/consolidated/
606,Omfurn India,https://www.screener.in/company/OMFURN/
607,Greenchef Appli.,https://www.screener.in/company/GREENCHEF/
608,BAG Films,https://www.screener.in/company/BAGFILMS/consolidated/
609,Cedaar Textile,https://www.screener.in/company/CEDAAR/
610,Divine Hira Jew.,https://www.screener.in/company/DIVINEHIRA/
611,Samor Reality,https://www.screener.in/company/543376/
612,Sambhaav Media,https://www.screener.in/company/SAMBHAAV/consolidated/
613,Siddhi Cotspin,https://www.screener.in/company/SIDDHICOTS/
614,Shigan Quantum,https://www.screener.in/company/SHIGAN/
615,Avi Ansh,https://www.screener.in/company/AVIANSH/
616,Arham Tech,https://www.screener.in/company/ARHAM/consolidated/
617,Modern Threads,https://www.screener.in/company/MODTHREAD/
618,Akar Auto Indust,https://www.screener.in/company/530621/
619,Weizmann,https://www.screener.in/company/WEIZMANIND/consolidated/
620,Sodhani Academy,https://www.screener.in/company/544257/
621,Marvel Decor,https://www.screener.in/company/MDL/consolidated/
622,Pro FX,https://www.screener.in/company/PROFX/
623,Drone Destinatio,https://www.screener.in/company/DRONE/
624,Duncan Engg.,https://www.screener.in/company/504908/
625,Sh. Dinesh Mills,https://www.screener.in/company/503804/consolidated/
626,BSL,https://www.screener.in/company/BSL/
627,Intrasoft Tech.,https://www.screener.in/company/ISFT/consolidated/
628,Airo Lam,https://www.screener.in/company/AIROLAM/consolidated/
629,Veekayem Fash.,https://www.screener.in/company/VEEKAYEM/
630,Lancor Holdings,https://www.screener.in/company/LANCORHOL/consolidated/
631,C P S Shapers,https://www.screener.in/company/CPS/
632,Silgo Retail,https://www.screener.in/company/SILGO/
633,Bodhi Tree,https://www.screener.in/company/BTML/consolidated/
634,Forge Auto,https://www.screener.in/company/FORGEAUTO/
635,Simm. Marshall,https://www.screener.in/company/507998/consolidated/
636,Esprit Stones,https://www.screener.in/company/ESPRIT/consolidated/
637,Womancart,https://www.screener.in/company/WOMANCART/consolidated/
638,Mukta Arts,https://www.screener.in/company/MUKTAARTS/consolidated/
639,Lakhotia Poly.,https://www.screener.in/company/535387/
640,Indian CardCloth,https://www.screener.in/company/INDIANCARD/consolidated/
641,Him Teknoforg.,https://www.screener.in/company/505712/
642,Forcas Studio,https://www.screener.in/company/FORCAS/
643,Maral Overseas,https://www.screener.in/company/MARALOVER/
644,Jay Jalaram Tech,https://www.screener.in/company/KORE/
645,Inflame Applian.,https://www.screener.in/company/541083/
646,Shahlon Silk,https://www.screener.in/company/542862/
647,Golden Crest,https://www.screener.in/company/540062/
648,Chatterbox Tech,https://www.screener.in/company/544546/
649,Tips Films,https://www.screener.in/company/TIPSFILMS/
650,Superhouse Ltd,https://www.screener.in/company/SUPERHOUSE/consolidated/
651,Lorenzini Appar.,https://www.screener.in/company/LAL/
652,Prajay Engineers,https://www.screener.in/company/PRAENG/consolidated/
653,Savera Industrie,https://www.screener.in/company/512634/
654,Alan Scott Ente.,https://www.screener.in/company/539115/consolidated/
655,Tunwal E-Motors,https://www.screener.in/company/TUNWAL/
656,Duroply Indust.,https://www.screener.in/company/516003/
657,Ceenik Exports,https://www.screener.in/company/531119/
658,Winsome Textile,https://www.screener.in/company/514470/
659,Indian Terrain,https://www.screener.in/company/INDTERRAIN/
660,Bharat Gears,https://www.screener.in/company/BHARATGEAR/
661,V R Infraspace,https://www.screener.in/company/VR/consolidated/
662,Active Clothing,https://www.screener.in/company/541144/
663,Hindustan Hardy,https://www.screener.in/company/505893/
664,Sonam,https://www.screener.in/company/SONAMLTD/
665,IP Rings,https://www.screener.in/company/523638/consolidated/
666,Veto Switchgears,https://www.screener.in/company/VETO/consolidated/
667,AMJ Land Holdin.,https://www.screener.in/company/AMJLAND/consolidated/
668,Gourmet Gateway,https://www.screener.in/company/506134/consolidated/
669,Raj Television,https://www.screener.in/company/RAJTV/
670,LGB Forge,https://www.screener.in/company/533007/
671,S D Retail,https://www.screener.in/company/SDREAMS/
672,CHL,https://www.screener.in/company/532992/consolidated/
673,Diksat Transworl,https://www.screener.in/company/540151/
674,P.E. Analytics,https://www.screener.in/company/PROPEQUITY/consolidated/
675,Nitiraj Engineer,https://www.screener.in/company/NITIRAJ/
676,Ashapuri Gold,https://www.screener.in/company/542579/
677,Bannari Amm Spg.,https://www.screener.in/company/BASML/consolidated/
678,Archidply Inds.,https://www.screener.in/company/ARCHIDPLY/consolidated/
679,Jullundur Motor,https://www.screener.in/company/JMA/consolidated/
680,VJTF Eduservices,https://www.screener.in/company/509026/consolidated/
681,Veer Global Inf.,https://www.screener.in/company/543241/
682,7Seas Enter.,https://www.screener.in/company/540874/
683,Lloyds Luxuries,https://www.screener.in/company/LLOYDS/
684,Avro India,https://www.screener.in/company/AVROIND/
685,Omnitex Industri,https://www.screener.in/company/514324/
686,Digicontent,https://www.screener.in/company/DGCONTENT/consolidated/
687,HB Estate Devel.,https://www.screener.in/company/532334/
688,Dolfin Rubbers,https://www.screener.in/company/542013/
689,NIS Management,https://www.screener.in/company/544495/consolidated/
690,Atvo Enterprises,https://www.screener.in/company/532090/
691,Atal Realtech,https://www.screener.in/company/ATALREAL/
692,RRIL,https://www.screener.in/company/531307/consolidated/
693,G G Automotive,https://www.screener.in/company/531399/
694,Competent Auto,https://www.screener.in/company/531041/consolidated/
695,Cash UR Drive,https://www.screener.in/company/CUDML/
696,Bimetal Bearings,https://www.screener.in/company/505681/
697,Anka India,https://www.screener.in/company/531673/
698,Emerald Tyre,https://www.screener.in/company/ETML/consolidated/
699,Goldstar Power,https://www.screener.in/company/GOLDSTAR/
700,Swadeshi Polytex,https://www.screener.in/company/503816/
701,Mach Conferences,https://www.screener.in/company/544248/
702,Machino Plastics,https://www.screener.in/company/523248/
703,Bhilwara Tech,https://www.screener.in/company/533108/consolidated/
704,Praxis Home,https://www.screener.in/company/PRAXIS/
705,Justo Realfin,https://www.screener.in/company/544542/consolidated/
706,Mahalaxmi Rubtec,https://www.screener.in/company/MHLXMIRU/
707,Shiva Texyarn,https://www.screener.in/company/SHIVATEX/
708,Super Sales Ind.,https://www.screener.in/company/512527/
709,Quint Digital,https://www.screener.in/company/539515/consolidated/
710,Pritika Engineer,https://www.screener.in/company/PRITIKA/consolidated/
711,Coromandel Engg.,https://www.screener.in/company/533167/
712,Setco Automotive,https://www.screener.in/company/SETCO/consolidated/
713,Soma Textiles,https://www.screener.in/company/SOMATEX/consolidated/
714,Alpine Housing,https://www.screener.in/company/526519/
715,Addictive Learn,https://www.screener.in/company/LAWSIKHO/
716,Active Infra.,https://www.screener.in/company/ACTIVEINFR/consolidated/
717,UFO Moviez,https://www.screener.in/company/UFO/consolidated/
718,Country Club Hos,https://www.screener.in/company/CCHHL/consolidated/
719,Universus Photo,https://www.screener.in/company/UNIVPHOTO/consolidated/
720,Khemani Distrib.,https://www.screener.in/company/539788/
721,Pritika Auto,https://www.screener.in/company/PRITIKAUTO/consolidated/
722,Phoenix Township,https://www.screener.in/company/537839/consolidated/
723,S V Global Mill,https://www.screener.in/company/535621/consolidated/
724,Sayaji (Indore),https://www.screener.in/company/544080/
725,Uravi Defence &,https://www.screener.in/company/URAVIDEF/consolidated/
726,Kamdhenu Venture,https://www.screener.in/company/KAMOPAINTS/consolidated/
727,M K Exim India,https://www.screener.in/company/538890/consolidated/
728,DU Digital,https://www.screener.in/company/DUGLOBAL/consolidated/
729,Omax Autos,https://www.screener.in/company/OMAXAUTO/
730,T T,https://www.screener.in/company/TTL/
731,Sayaji Hot. Pune,https://www.screener.in/company/544090/consolidated/
732,Manbro Indust.,https://www.screener.in/company/512595/
733,Murudesh.Ceramic,https://www.screener.in/company/MURUDCERA/
734,Zodiac Cloth. Co,https://www.screener.in/company/ZODIACLOTH/consolidated/
735,Asian Hotels (E),https://www.screener.in/company/AHLEAST/consolidated/
736,OK Play India,https://www.screener.in/company/526415/consolidated/
737,Dharan Infra-EPC,https://www.screener.in/company/DHARAN/
738,Pramara Promotio,https://www.screener.in/company/PRAMARA/consolidated/
739,True Green,https://www.screener.in/company/533407/
740,Suditi Industrie,https://www.screener.in/company/521113/
741,Indag Rubber,https://www.screener.in/company/509162/consolidated/
742,Global Education,https://www.screener.in/company/GLOBAL/
743,VIP Clothing,https://www.screener.in/company/VIPCLOTHNG/
744,Baroda Rayon,https://www.screener.in/company/500270/
745,Nimbus Projects,https://www.screener.in/company/511714/consolidated/
746,Autoline Industr,https://www.screener.in/company/AUTOIND/consolidated/
747,Arihant Academy,https://www.screener.in/company/ARIHANTACA/consolidated/
748,Gretex Industrie,https://www.screener.in/company/GRETEX/
749,Shemaroo Entert.,https://www.screener.in/company/SHEMAROO/consolidated/
750,PPAP Automotive,https://www.screener.in/company/PPAP/consolidated/
751,Sundaram Brake,https://www.screener.in/company/SUNDRMBRAK/
752,Cineline India,https://www.screener.in/company/CINELINE/consolidated/
753,Pil Italica Life,https://www.screener.in/company/PILITA/
754,Talbros Engg.,https://www.screener.in/company/538987/
755,Axita Cotton,https://www.screener.in/company/AXITA/consolidated/
756,Zee Learn,https://www.screener.in/company/ZEELEARN/consolidated/
757,Ucal,https://www.screener.in/company/UCAL/consolidated/
758,DCM Nouvelle,https://www.screener.in/company/DCMNVL/consolidated/
759,Music Broadcast,https://www.screener.in/company/RADIOCITY/
760,Maxvolt Energy,https://www.screener.in/company/MAXVOLT/
761,Transteel Seatin,https://www.screener.in/company/TRANSTEEL/
762,Graviss Hospital,https://www.screener.in/company/509546/consolidated/
763,Ratnabhumi Dev.,https://www.screener.in/company/540796/
764,Generic Engineer,https://www.screener.in/company/GENCON/
765,Thaai,https://www.screener.in/company/TCL/consolidated/
766,Spunweb Nonwoven,https://www.screener.in/company/SPUNWEB/consolidated/
767,The Byke Hospi.,https://www.screener.in/company/BYKE/
768,Softsol India,https://www.screener.in/company/532344/
769,Supreme Holdings,https://www.screener.in/company/SUPREME/consolidated/
770,Exxaro Tiles,https://www.screener.in/company/EXXARO/consolidated/
771,Bhatia Communic.,https://www.screener.in/company/540956/
772,Ravinder Heights,https://www.screener.in/company/RVHL/consolidated/
773,Jay Ushin,https://www.screener.in/company/513252/
774,Alstone Textiles,https://www.screener.in/company/539277/
775,Modi Rubber,https://www.screener.in/company/MODIRUBBER/consolidated/
776,Mason Infratech,https://www.screener.in/company/MASON/consolidated/
777,Saraswati Saree,https://www.screener.in/company/SSDL/
778,Apollo Sindoori,https://www.screener.in/company/APOLSINHOT/consolidated/
779,Rudra Ecovation,https://www.screener.in/company/514010/
780,Sintercom India,https://www.screener.in/company/SINTERCOM/
781,Vardhman Acrylic,https://www.screener.in/company/VARDHACRLC/
782,Emerald Leisures,https://www.screener.in/company/507265/
783,Mini Diamonds(I),https://www.screener.in/company/523373/
784,Virat Industries,https://www.screener.in/company/530521/
785,Pushpa Jewellers,https://www.screener.in/company/PUSHPA/
786,Emmforce Auto.,https://www.screener.in/company/544166/consolidated/
787,B-Right Real,https://www.screener.in/company/543543/consolidated/
788,Yash Optics,https://www.screener.in/company/YASHOPTICS/
789,Menon Pistons,https://www.screener.in/company/531727/consolidated/
790,RDB Real Estate,https://www.screener.in/company/544346/consolidated/
791,Hindustan Motors,https://www.screener.in/company/HINDMOTORS/
792,Orient Bell,https://www.screener.in/company/ORIENTBELL/consolidated/
793,Pelatro,https://www.screener.in/company/PELATRO/consolidated/
794,Logica Infoway,https://www.screener.in/company/543746/
795,Shivam Autotech,https://www.screener.in/company/SHIVAMAUTO/
796,Global Surfaces,https://www.screener.in/company/GSLSU/consolidated/
797,Rainbow Foundat.,https://www.screener.in/company/531694/
798,Utssav CZ Gold,https://www.screener.in/company/UTSSAV/
799,Aarvee Denims,https://www.screener.in/company/AARVEEDEN/
800,Connplex Cinemas,https://www.screener.in/company/CONNPLEX/
801,Uday Jewellery,https://www.screener.in/company/539518/
802,Phantom Digital,https://www.screener.in/company/PHANTOMFX/
803,Shradha Infrapr.,https://www.screener.in/company/SHRADHA/consolidated/
804,Shankara Build.,https://www.screener.in/company/SHANKARA/consolidated/
805,Triton Valves,https://www.screener.in/company/505978/consolidated/
806,Ginni Filaments,https://www.screener.in/company/GINNIFILA/
807,E Factor Experie,https://www.screener.in/company/EFACTOR/consolidated/
808,Pradeep Metals,https://www.screener.in/company/513532/consolidated/
809,BPL,https://www.screener.in/company/BPL/
810,Intl. Travel Hse,https://www.screener.in/company/500213/
811,Wardwizard Inno.,https://www.screener.in/company/538970/
812,Osia Hyper Reta.,https://www.screener.in/company/OSIAHYPER/
813,Vardhman Polytex,https://www.screener.in/company/VARDMNPOLY/
814,Manomay Tex Indi,https://www.screener.in/company/MANOMAY/
815,Swaraj Suiting,https://www.screener.in/company/SWARAJ/consolidated/
816,Thomas Scott,https://www.screener.in/company/THOMASCOTT/
817,Donear Inds.,https://www.screener.in/company/DONEAR/
818,Khadim India,https://www.screener.in/company/KHADIM/
819,PropshareTitania,https://www.screener.in/company/544462/
820,Forbes & Co,https://www.screener.in/company/502865/consolidated/
821,Precot,https://www.screener.in/company/PRECOT/consolidated/
822,Remsons Ind,https://www.screener.in/company/REMSONSIND/consolidated/
823,Nandan Denim,https://www.screener.in/company/NDL/
824,Raghuvir Synth,https://www.screener.in/company/514316/
825,Pansari Develop.,https://www.screener.in/company/PANSARI/consolidated/
826,Sumit Woods,https://www.screener.in/company/SUMIT/consolidated/
827,Interiors & More,https://www.screener.in/company/INM/consolidated/
828,Bizotic Commer.,https://www.screener.in/company/543926/
829,Goldkart Jewels,https://www.screener.in/company/GOLDKART/
830,Purple United,https://www.screener.in/company/PURPLEUTED/
831,Brand Concepts,https://www.screener.in/company/BCONCEPTS/
832,Lehar Footwears,https://www.screener.in/company/532829/
833,Madhuveer Com,https://www.screener.in/company/531910/consolidated/
834,Shree Karni,https://www.screener.in/company/SHREEKARNI/consolidated/
835,Emami Realty Ltd,https://www.screener.in/company/EMAMIREAL/consolidated/
836,Filatex Fash.,https://www.screener.in/company/FILATFASH/
837,Robust Hotels,https://www.screener.in/company/RHL/
838,Ashima,https://www.screener.in/company/ASHIMASYN/
839,Banswara Syntex,https://www.screener.in/company/BANSWRAS/consolidated/
840,Nila Infrastruct,https://www.screener.in/company/NILAINFRA/consolidated/
841,CLN Energy,https://www.screener.in/company/544347/
842,Veljan Denison,https://www.screener.in/company/505232/
843,RBZ Jewellers Lt,https://www.screener.in/company/RBZJEWEL/
844,Liberty Shoes,https://www.screener.in/company/LIBERTSHOE/
845,Sutlej Textiles,https://www.screener.in/company/SUTLEJTEX/
846,Hampton Sky,https://www.screener.in/company/526407/consolidated/
847,Munjal Showa,https://www.screener.in/company/MUNJALSHOW/
848,Vinsys IT Serv.,https://www.screener.in/company/VINSYS/consolidated/
849,Advani Hotels.,https://www.screener.in/company/ADVANIHOTR/
850,Bella Casa Fashi,https://www.screener.in/company/BELLACASA/
851,Singer India,https://www.screener.in/company/505729/
852,Vashu Bhagnani,https://www.screener.in/company/532011/consolidated/
853,Adcounty Media.,https://www.screener.in/company/544435/
854,Mirza Internatio,https://www.screener.in/company/MIRZAINT/
855,Sreeleathers,https://www.screener.in/company/SREEL/
856,Trident Texofab,https://www.screener.in/company/540726/
857,Spencer's Retail,https://www.screener.in/company/SPENCERS/consolidated/
858,Sayaji Hotels,https://www.screener.in/company/523710/consolidated/
859,Career Point Edu,https://www.screener.in/company/CPEDU/
860,Pavna Industries,https://www.screener.in/company/PAVNAIND/consolidated/
861,Sinclairs Hotels,https://www.screener.in/company/SINCLAIR/
862,Grand Continent,https://www.screener.in/company/GCHOTELS/consolidated/
863,Nahar Indl. Ent.,https://www.screener.in/company/NAHARINDUS/consolidated/
864,Nicco Parks,https://www.screener.in/company/526721/consolidated/
865,CL Educate,https://www.screener.in/company/CLEDUCATE/consolidated/
866,Kaya Ltd,https://www.screener.in/company/KAYA/consolidated/
867,Hind.Composites,https://www.screener.in/company/HINDCOMPOS/
868,MIRC Electronics,https://www.screener.in/company/MIRCELECTR/
869,Espire Hospi,https://www.screener.in/company/532016/
870,Hardwyn India,https://www.screener.in/company/HARDWYN/consolidated/
871,Iris Clothings,https://www.screener.in/company/IRISDOREME/
872,Tolins Tyres,https://www.screener.in/company/TOLINS/consolidated/
873,S Chand & Compan,https://www.screener.in/company/SCHAND/consolidated/
874,Modi's Navnirman,https://www.screener.in/company/543539/
875,Asian Hotels (N),https://www.screener.in/company/ASIANHOTNR/
876,H T Media,https://www.screener.in/company/HTMEDIA/consolidated/
877,VTM,https://www.screener.in/company/532893/
878,Orbit Exports,https://www.screener.in/company/ORBTEXP/consolidated/
879,Hindustan Media,https://www.screener.in/company/HMVL/
880,Lakshmi Mills,https://www.screener.in/company/502958/
881,Vertoz,https://www.screener.in/company/VERTOZ/consolidated/
882,Borana Weaves,https://www.screener.in/company/BORANA/
883,Exhicon Events,https://www.screener.in/company/543895/consolidated/
884,Parin Enterpris.,https://www.screener.in/company/PARIN/consolidated/
885,Essen Speciality,https://www.screener.in/company/ESFL/
886,Parsvnath Devl.,https://www.screener.in/company/PARSVNATH/consolidated/
887,Focus Lighting,https://www.screener.in/company/FOCUS/consolidated/
888,Wim Plast,https://www.screener.in/company/526586/
889,Suratwwala Busi.,https://www.screener.in/company/SBGLP/
890,Swiss Military,https://www.screener.in/company/523558/
891,Patel Retail,https://www.screener.in/company/PATELRMART/
892,Nahar Spinning,https://www.screener.in/company/NAHARSPING/
893,Nila Spaces,https://www.screener.in/company/NILASPACES/consolidated/
894,Shraddha Prime,https://www.screener.in/company/531771/consolidated/
895,Ruby Mills,https://www.screener.in/company/RUBYMILLS/
896,GHCL Textiles,https://www.screener.in/company/GHCLTEXTIL/
897,CWD,https://www.screener.in/company/543378/consolidated/
898,OnMobile Global,https://www.screener.in/company/ONMOBILE/consolidated/
899,OBSC Perfection,https://www.screener.in/company/OBSCP/
900,Cellecor Gadgets,https://www.screener.in/company/CELLECOR/
901,Repro India,https://www.screener.in/company/REPRO/consolidated/
902,Credo Brands,https://www.screener.in/company/MUFTI/consolidated/
903,Kinetic Engg.,https://www.screener.in/company/500240/consolidated/
904,Vishal Fabrics,https://www.screener.in/company/VISHAL/consolidated/
905,Ent.Network,https://www.screener.in/company/ENIL/consolidated/
906,R K Swamy,https://www.screener.in/company/RKSWAMY/consolidated/
907,GeeCee Vent.,https://www.screener.in/company/GEECEE/consolidated/
908,Zee Media,https://www.screener.in/company/ZEEMEDIA/consolidated/
909,Speciality Rest.,https://www.screener.in/company/SPECIALITY/
910,Menon Bearings,https://www.screener.in/company/MENONBE/consolidated/
911,Shalimar Paints,https://www.screener.in/company/SHALPAINTS/consolidated/
912,Aptech,https://www.screener.in/company/APTECHT/consolidated/
913,Macfos,https://www.screener.in/company/543787/
914,RSWM Ltd,https://www.screener.in/company/RSWM/consolidated/
915,Eraaya Lifespace,https://www.screener.in/company/531035/consolidated/
916,U P Hotels,https://www.screener.in/company/509960/
917,Dish TV India,https://www.screener.in/company/DISHTV/consolidated/
918,T.V. Today Netw.,https://www.screener.in/company/TVTODAY/consolidated/
919,Prozone Realty,https://www.screener.in/company/PROZONER/consolidated/
920,Sandesh,https://www.screener.in/company/SANDESH/
921,Mac Charles(I),https://www.screener.in/company/507836/consolidated/
922,Mercury EV-Tech,https://www.screener.in/company/531357/consolidated/
923,Barbeque-Nation,https://www.screener.in/company/BARBEQUE/consolidated/
924,PNGS Gargi FJ,https://www.screener.in/company/543709/
925,Enkei Wheels,https://www.screener.in/company/533477/
926,Safe Enterprises,https://www.screener.in/company/SAFEENTP/consolidated/
927,Coffee Day Enter,https://www.screener.in/company/COFFEEDAY/consolidated/
928,Rajapalayam Mill,https://www.screener.in/company/532503/consolidated/
929,Viceroy Hotels,https://www.screener.in/company/VHLTD/consolidated/
930,Haz.Multi Proj.,https://www.screener.in/company/532467/consolidated/
931,Voith Paper,https://www.screener.in/company/522122/
932,Sunrakshakk Inds,https://www.screener.in/company/539300/consolidated/
933,Ambika Cotton,https://www.screener.in/company/AMBIKCO/
934,Sarla Performanc,https://www.screener.in/company/SARLAPOLY/consolidated/
935,Rushil Decor,https://www.screener.in/company/RUSHIL/
936,RDB Infrastruc.,https://www.screener.in/company/533285/
937,Eldeco Housing,https://www.screener.in/company/ELDEHSG/consolidated/
938,Bright Outdoor,https://www.screener.in/company/543831/
939,PVP Ventures,https://www.screener.in/company/PVP/consolidated/
940,HLV,https://www.screener.in/company/HLVLTD/
941,Le Merite Export,https://www.screener.in/company/LEMERITE/consolidated/
942,SBC Exports,https://www.screener.in/company/SBC/
943,Century Enka,https://www.screener.in/company/CENTENKA/
944,Popular Vehicles,https://www.screener.in/company/PVSL/consolidated/
945,Radhika Jeweltec,https://www.screener.in/company/RADHIKAJWE/
946,Mafatlal Inds.,https://www.screener.in/company/500264/consolidated/
947,Munjal Auto Inds,https://www.screener.in/company/MUNJALAU/consolidated/
948,Saint-Gob. Sekur,https://www.screener.in/company/515043/
949,IST,https://www.screener.in/company/508807/consolidated/
950,Sar Auto Prod.,https://www.screener.in/company/538992/
951,Arih.Found.Hsg.,https://www.screener.in/company/531381/consolidated/
952,United Polyfab,https://www.screener.in/company/UNITEDPOLY/
953,Elin Electronics,https://www.screener.in/company/ELIN/consolidated/
954,Praveg,https://www.screener.in/company/531637/consolidated/
955,Jaybharat Text,https://www.screener.in/company/512233/
956,Avishkar Infra,https://www.screener.in/company/508929/consolidated/
957,Foce India,https://www.screener.in/company/FOCE/consolidated/
958,Kamat Hotels,https://www.screener.in/company/KAMATHOTEL/consolidated/
959,AB Cotspin,https://www.screener.in/company/ABCOTS/
960,Anand Rayons,https://www.screener.in/company/542721/
961,Automotive Stamp,https://www.screener.in/company/ASAL/
962,Z F Steering,https://www.screener.in/company/505163/consolidated/
963,Basilic Fly Stud,https://www.screener.in/company/BASILIC/consolidated/
964,Manoj Vaibhav,https://www.screener.in/company/MVGJL/
965,Karnika Industri,https://www.screener.in/company/KARNIKA/
966,Suraj Estate,https://www.screener.in/company/SURAJEST/consolidated/
967,Asian Granito,https://www.screener.in/company/ASIANTILES/consolidated/
968,Bharat Seats,https://www.screener.in/company/BHARATSE/
969,NDTV,https://www.screener.in/company/NDTV/consolidated/
970,Sportking India,https://www.screener.in/company/SPORTKING/
971,Auto.Corp.of Goa,https://www.screener.in/company/505036/
972,Butterfly Gan Ap,https://www.screener.in/company/BUTTERFLY/
973,Media Matrix,https://www.screener.in/company/512267/consolidated/
974,T B Z,https://www.screener.in/company/TBZ/consolidated/
975,Benares Hotels,https://www.screener.in/company/509438/
976,Kross Ltd,https://www.screener.in/company/KROSS/
977,Rico Auto Inds,https://www.screener.in/company/RICOAUTO/consolidated/
978,GTPL Hathway,https://www.screener.in/company/GTPL/consolidated/
979,Asian Star Co.,https://www.screener.in/company/531847/consolidated/
980,Meghna Infracon,https://www.screener.in/company/538668/consolidated/
981,Faze Three,https://www.screener.in/company/FAZE3Q/
982,R&B Denims,https://www.screener.in/company/RNBDENIMS/consolidated/
983,Sterling Tools,https://www.screener.in/company/STERTOOLS/consolidated/
984,Pashupati Cotsp.,https://www.screener.in/company/PASHUPATI/
985,Peninsula Land,https://www.screener.in/company/PENINLAND/consolidated/
986,Matrimony.com,https://www.screener.in/company/MATRIMONY/consolidated/
987,C C C L,https://www.screener.in/company/CCCL/consolidated/
988,Bhartiya Intl.,https://www.screener.in/company/BIL/consolidated/
989,Jay Bharat Maru.,https://www.screener.in/company/JAYBARMARU/
990,AYM Syntex,https://www.screener.in/company/AYMSYNTEX/
991,Rajratan Global,https://www.screener.in/company/RAJRATAN/consolidated/
992,Jagran Prakashan,https://www.screener.in/company/JAGRAN/consolidated/
993,Aayush Art,https://www.screener.in/company/540718/
994,Virtuoso Optoel.,https://www.screener.in/company/543597/
995,Shanti Gold,https://www.screener.in/company/SHANTIGOLD/
996,Jaro Institute,https://www.screener.in/company/JARO/
997,BirlaNu Ltd,https://www.screener.in/company/BIRLANU/consolidated/
998,M M Forgings,https://www.screener.in/company/MMFL/
999,Khazanchi Jewell,https://www.screener.in/company/543953/
1000,Elpro Internatio,https://www.screener.in/company/504000/consolidated/
1001,The Hi-Tech Gear,https://www.screener.in/company/HITECHGEAR/consolidated/
1002,Omaxe,https://www.screener.in/company/OMAXE/consolidated/
1003,Royal Orch.Hotel,https://www.screener.in/company/ROHLTD/consolidated/
1004,NIIT,https://www.screener.in/company/NIITLTD/consolidated/
1005,Himatsing. Seide,https://www.screener.in/company/HIMATSEIDE/consolidated/
1006,RACL Geartech,https://www.screener.in/company/RACLGEAR/
1007,Raj Rayon Inds.,https://www.screener.in/company/RAJRILTD/
1008,Balaji Telefilms,https://www.screener.in/company/BALAJITELE/consolidated/
1009,Panorama Studios,https://www.screener.in/company/539469/consolidated/
1010,Alicon Cast.,https://www.screener.in/company/ALICON/consolidated/
1011,Monte Carlo Fas.,https://www.screener.in/company/MONTECARLO/
1012,Renaiss. Global,https://www.screener.in/company/RGL/consolidated/
1013,India Motor Part,https://www.screener.in/company/IMPAL/
1014,Signpost India,https://www.screener.in/company/SIGNPOST/
1015,GNA Axles,https://www.screener.in/company/GNA/
1016,Shringar House,https://www.screener.in/company/SHRINGARMS/
1017,Divgi Torq,https://www.screener.in/company/DIVGIITTS/
1018,Sumeet Industrie,https://www.screener.in/company/SUMEETINDS/consolidated/
1019,Unitech,https://www.screener.in/company/UNITECH/consolidated/
1020,Somany Ceramics,https://www.screener.in/company/SOMANYCERA/consolidated/
1021,Arihant Super.,https://www.screener.in/company/ARIHANTSUP/consolidated/
1022,Laxmi Goldorna,https://www.screener.in/company/LGHL/consolidated/
1023,Precision Camshf,https://www.screener.in/company/PRECAM/consolidated/
1024,Nitin Spinners,https://www.screener.in/company/NITINSPIN/
1025,Kesar India,https://www.screener.in/company/543542/consolidated/
1026,S P Apparels,https://www.screener.in/company/SPAL/consolidated/
1027,Shanti Educat.,https://www.screener.in/company/539921/consolidated/
1028,Frontier Springs,https://www.screener.in/company/522195/
1029,Talbros Auto.,https://www.screener.in/company/TALBROAUTO/consolidated/
1030,All Time Plastic,https://www.screener.in/company/ALLTIME/
1031,Motisons Jewel,https://www.screener.in/company/MOTISONS/
1032,Wonder Electric.,https://www.screener.in/company/WEL/
1033,Igarashi Motors,https://www.screener.in/company/IGARASHI/
1034,Stanley Lifesty.,https://www.screener.in/company/STANLEY/consolidated/
1035,IKIO Tech,https://www.screener.in/company/IKIO/consolidated/
1036,Den Networks,https://www.screener.in/company/DEN/consolidated/
1037,Vascon Engineers,https://www.screener.in/company/VASCONEQ/consolidated/
1038,Rupa & Co,https://www.screener.in/company/RUPA/consolidated/
1039,Indo Rama Synth.,https://www.screener.in/company/INDORAMA/consolidated/
1040,Shriram Properti,https://www.screener.in/company/SHRIRAMPPS/consolidated/
1041,Carysil,https://www.screener.in/company/CARYSIL/consolidated/
1042,Yatra Online,https://www.screener.in/company/YATRA/consolidated/
1043,Nitco,https://www.screener.in/company/NITCO/consolidated/
1044,Baazar Style,https://www.screener.in/company/STYLEBAAZA/
1045,Hathway Cable,https://www.screener.in/company/HATHWAY/consolidated/
1046,Landmark Cars,https://www.screener.in/company/LANDMARK/consolidated/
1047,NDR Auto Compon.,https://www.screener.in/company/NDRAUTO/consolidated/
1048,India Nipp.Elec.,https://www.screener.in/company/INDNIPPON/consolidated/
1049,Nilkamal Ltd,https://www.screener.in/company/NILKAMAL/consolidated/
1050,EIH Assoc.Hotels,https://www.screener.in/company/EIHAHOTELS/
1051,Oriental Hotels,https://www.screener.in/company/ORIENTHOT/consolidated/
1052,Filatex India,https://www.screener.in/company/FILATEX/
1053,Rane (Madras),https://www.screener.in/company/RML/consolidated/
1054,Pokarna,https://www.screener.in/company/POKARNA/consolidated/
1055,Goodyear India,https://www.screener.in/company/GOODYEAR/
1056,Wheels India,https://www.screener.in/company/WHEELS/
1057,Stove Kraft,https://www.screener.in/company/STOVEKRAFT/
1058,Mayur Uniquoters,https://www.screener.in/company/MAYURUNIQ/
1059,Sri Adhik. Bros.,https://www.screener.in/company/SABTNL/consolidated/
1060,Delta Corp,https://www.screener.in/company/DELTACORP/consolidated/
1061,Cantabil Retail,https://www.screener.in/company/CANTABIL/
1062,Veranda Learning,https://www.screener.in/company/VERANDA/consolidated/
1063,Dollar Industrie,https://www.screener.in/company/DOLLAR/
1064,Uniparts India,https://www.screener.in/company/UNIPARTS/consolidated/
1065,Sangam India,https://www.screener.in/company/SANGAMIND/consolidated/
1066,Ganesha Ecosphe.,https://www.screener.in/company/GANECOS/consolidated/
1067,D.P. Abhushan,https://www.screener.in/company/DPABHUSHAN/
1068,Apeejay Surrend.,https://www.screener.in/company/PARKHOTELS/consolidated/
1069,Imagica. Enter.,https://www.screener.in/company/IMAGICAA/consolidated/
1070,City Pulse Multi,https://www.screener.in/company/542727/
1071,Brigade Hotel,https://www.screener.in/company/BRIGHOTEL/consolidated/
1072,Arkade,https://www.screener.in/company/ARKADE/consolidated/
1073,TVS Srichakra,https://www.screener.in/company/TVSSRICHAK/consolidated/
1074,Ashiana Housing,https://www.screener.in/company/ASHIANA/consolidated/
1075,AGI Infra,https://www.screener.in/company/AGIIL/
1076,Easy Trip Plann.,https://www.screener.in/company/EASEMYTRIP/consolidated/
1077,Sandhar Tech,https://www.screener.in/company/SANDHAR/consolidated/
1078,Sai Silks,https://www.screener.in/company/KALAMANDIR/
1079,Hindware Home In,https://www.screener.in/company/HINDWAREAP/consolidated/
1080,Arvind SmartSp.,https://www.screener.in/company/ARVSMART/consolidated/
1081,Federal-Mogul Go,https://www.screener.in/company/FMGOETZE/consolidated/
1082,NRB Bearings,https://www.screener.in/company/NRBBEARING/consolidated/
1083,La Opala RG,https://www.screener.in/company/LAOPALA/
1084,TajGVK Hotels,https://www.screener.in/company/TAJGVK/
1085,Sirca Paints,https://www.screener.in/company/SIRCA/consolidated/
1086,Carraro India,https://www.screener.in/company/CARRARO/
1087,Automotive Axles,https://www.screener.in/company/AUTOAXLES/
1088,Alembic,https://www.screener.in/company/ALEMBICLTD/consolidated/
1089,Euro Pratik Sale,https://www.screener.in/company/EUROPRATIK/consolidated/
1090,Spice LoungeFood,https://www.screener.in/company/539895/consolidated/
1091,Raymond Realty,https://www.screener.in/company/RAYMONDREL/consolidated/
1092,Marathon Nextgen,https://www.screener.in/company/MARATHON/consolidated/
1093,Lux Industries,https://www.screener.in/company/LUXIND/
1094,Jamna Auto Inds.,https://www.screener.in/company/JAMNAAUTO/consolidated/
1095,Raymond,https://www.screener.in/company/RAYMOND/consolidated/
1096,Kolte Patil Dev.,https://www.screener.in/company/KOLTEPATIL/consolidated/
1097,Greenpanel Inds.,https://www.screener.in/company/GREENPANEL/
1098,MPS,https://www.screener.in/company/MPSLTD/consolidated/
1099,Wonderla Holiday,https://www.screener.in/company/WONDERLA/
1100,Go Fashion (I),https://www.screener.in/company/GOCOLORS/
1101,Greenply Industr,https://www.screener.in/company/GREENPLY/consolidated/
1102,Vaibhav Global,https://www.screener.in/company/VAIBHAVGBL/consolidated/
1103,Kitex Garments,https://www.screener.in/company/KITEX/consolidated/
1104,Sundaram Clayton,https://www.screener.in/company/SUNCLAY/consolidated/
1105,Rolex Rings,https://www.screener.in/company/ROLEXRINGS/
1106,Navneet Educat.,https://www.screener.in/company/NAVNETEDUL/consolidated/
1107,Bombay Dyeing,https://www.screener.in/company/BOMDYEING/consolidated/
1108,Jindal Worldwide,https://www.screener.in/company/JINDWORLD/consolidated/
1109,National Standar,https://www.screener.in/company/504882/
1110,Steel Str. Wheel,https://www.screener.in/company/SSWL/
1111,KDDL Ltd,https://www.screener.in/company/KDDL/consolidated/
1112,Siyaram Silk,https://www.screener.in/company/SIYSIL/
1113,Kewal Kir.Cloth.,https://www.screener.in/company/KKCL/consolidated/
1114,Epack Durable,https://www.screener.in/company/EPACK/
1115,Stylam Industrie,https://www.screener.in/company/STYLAMIND/
1116,Crizac,https://www.screener.in/company/CRIZAC/consolidated/
1117,Indigo Paints,https://www.screener.in/company/INDIGOPNTS/
1118,Entero Healthcar,https://www.screener.in/company/ENTERO/consolidated/
1119,Responsive Ind,https://www.screener.in/company/RESPONIND/consolidated/
1120,Sky Gold & Diam.,https://www.screener.in/company/SKYGOLD/consolidated/
1121,SJS Enterprises,https://www.screener.in/company/SJS/consolidated/
1122,Johnson Con. Hit,https://www.screener.in/company/JCHAC/
1123,D B Corp,https://www.screener.in/company/DBCORP/consolidated/
1124,Lumax Industries,https://www.screener.in/company/LUMAXIND/consolidated/
1125,Hawkins Cookers,https://www.screener.in/company/508486/
1126,SIS,https://www.screener.in/company/SIS/consolidated/
1127,NIIT Learning,https://www.screener.in/company/NIITMTS/consolidated/
1128,TARC Ltd,https://www.screener.in/company/TARC/consolidated/
1129,JTEKT India,https://www.screener.in/company/JTEKTINDIA/
1130,L G Balakrishnan,https://www.screener.in/company/LGBBROSLTD/consolidated/
1131,PDS,https://www.screener.in/company/PDSL/consolidated/
1132,Hubtown,https://www.screener.in/company/HUBTOWN/consolidated/
1133,Restaurant Brand,https://www.screener.in/company/RBA/consolidated/
1134,Samhi Hotels,https://www.screener.in/company/SAMHI/consolidated/
1135,Goldiam Intl.,https://www.screener.in/company/GOLDIAM/consolidated/
1136,Orient Electric,https://www.screener.in/company/ORIENTELEC/
1137,Sanathan Textile,https://www.screener.in/company/SANATHAN/consolidated/
1138,Borosil,https://www.screener.in/company/BOROLTD/consolidated/
1139,Timex Group,https://www.screener.in/company/500414/
1140,Ajmera Realty,https://www.screener.in/company/AJMERA/consolidated/
1141,Ganesh Housing,https://www.screener.in/company/GANESHHOU/consolidated/
1142,Mahindra Holiday,https://www.screener.in/company/MHRIL/consolidated/
1143,Arvind Fashions.,https://www.screener.in/company/ARVINDFASN/consolidated/
1144,V-Mart Retail,https://www.screener.in/company/VMART/
1145,Thangamayil Jew.,https://www.screener.in/company/THANGAMAYL/
1146,Greenlam Industr,https://www.screener.in/company/GREENLAM/consolidated/
1147,Pricol Ltd,https://www.screener.in/company/PRICOLLTD/consolidated/
1148,Sunteck Realty,https://www.screener.in/company/SUNTECK/consolidated/
1149,Suprajit Engg.,https://www.screener.in/company/SUPRAJIT/consolidated/
1150,Bajaj Electrical,https://www.screener.in/company/BAJAJELEC/consolidated/
1151,Symphony,https://www.screener.in/company/SYMPHONY/consolidated/
1152,Juniper Hotels,https://www.screener.in/company/JUNIPER/consolidated/
1153,Sharda Motor,https://www.screener.in/company/SHARDAMOTR/
1154,Puravankara,https://www.screener.in/company/PURVA/consolidated/
1155,V I P Inds.,https://www.screener.in/company/VIPIND/consolidated/
1156,Shoppers Stop,https://www.screener.in/company/SHOPERSTOP/consolidated/
1157,Pearl Global Ind,https://www.screener.in/company/PGIL/consolidated/
1158,Electronics Mart,https://www.screener.in/company/EMIL/consolidated/
1159,Prime Focus,https://www.screener.in/company/PFOCUS/consolidated/
1160,Senco Gold,https://www.screener.in/company/SENCO/
1161,I T D C,https://www.screener.in/company/ITDC/consolidated/
1162,Rajesh Exports,https://www.screener.in/company/RAJESHEXPO/consolidated/
1163,Gokaldas Exports,https://www.screener.in/company/GOKEX/consolidated/
1164,Indo Count Inds.,https://www.screener.in/company/ICIL/consolidated/
1165,Fiem Industries,https://www.screener.in/company/FIEMIND/consolidated/
1166,TTK Prestige,https://www.screener.in/company/TTKPRESTIG/consolidated/
1167,Alok Industries,https://www.screener.in/company/ALOKINDS/consolidated/
1168,PC Jeweller,https://www.screener.in/company/PCJEWELLER/consolidated/
1169,Campus Activewe.,https://www.screener.in/company/CAMPUS/
1170,Lumax Auto Tech.,https://www.screener.in/company/LUMAXTECH/consolidated/
1171,Valor Estate,https://www.screener.in/company/DBREALTY/consolidated/
1172,V2 Retail,https://www.screener.in/company/V2RETAIL/consolidated/
1173,Netwrk.18 Media,https://www.screener.in/company/NETWORK18/consolidated/
1174,Cera Sanitary.,https://www.screener.in/company/CERA/
1175,Keystone Realtor,https://www.screener.in/company/RUSTOMJEE/consolidated/
1176,Mahindra Life.,https://www.screener.in/company/MAHLIFE/consolidated/
1177,Kalpat.,https://www.screener.in/company/KALPATARU/consolidated/
1178,Arvind Ltd,https://www.screener.in/company/ARVIND/consolidated/
1179,Redtape,https://www.screener.in/company/REDTAPE/consolidated/
1180,Max Estates,https://www.screener.in/company/MAXESTATES/consolidated/
1181,Garware Tech.,https://www.screener.in/company/GARFIBRES/consolidated/
1182,Raymond Lifestyl,https://www.screener.in/company/RAYMONDLSL/consolidated/
1183,Thomas Cook (I),https://www.screener.in/company/THOMASCOOK/consolidated/
1184,Sheela Foam,https://www.screener.in/company/SFL/consolidated/
1185,Ethos Ltd,https://www.screener.in/company/ETHOSLTD/consolidated/
1186,Tips Music,https://www.screener.in/company/TIPSMUSIC/
1187,Aditya Vision,https://www.screener.in/company/AVL/
1188,RattanIndia Ent,https://www.screener.in/company/RTNINDIA/consolidated/
1189,IFB Industries,https://www.screener.in/company/IFBIND/
1190,Just Dial,https://www.screener.in/company/JUSTDIAL/
1191,Shriram Pistons,https://www.screener.in/company/SHRIPISTON/consolidated/
1192,Cartrade Tech,https://www.screener.in/company/CARTRADE/consolidated/
1193,Banco Products,https://www.screener.in/company/BANCOINDIA/consolidated/
1194,Le Travenues,https://www.screener.in/company/IXIGO/consolidated/
1195,Vardhman Textile,https://www.screener.in/company/VTL/consolidated/
1196,Welspun Living,https://www.screener.in/company/WELSPUNLIV/consolidated/
1197,Safari Inds.,https://www.screener.in/company/SAFARI/consolidated/
1198,Relaxo Footwear,https://www.screener.in/company/RELAXO/
1199,PVR Inox,https://www.screener.in/company/PVRINOX/consolidated/
1200,Eureka Forbes,https://www.screener.in/company/EUREKAFORB/
1201,Bluestone Jewel,https://www.screener.in/company/BLUESTONE/consolidated/
1202,Zee Entertainmen,https://www.screener.in/company/ZEEL/consolidated/
1203,Westlife Food,https://www.screener.in/company/WESTLIFE/consolidated/
1204,JK Tyre & Indust,https://www.screener.in/company/JKTYRE/consolidated/
1205,Aditya Bir. Fas.,https://www.screener.in/company/ABFRL/consolidated/
1206,Nazara Technolo.,https://www.screener.in/company/NAZARA/consolidated/
1207,ASK Automotive,https://www.screener.in/company/ASKAUTOLTD/consolidated/
1208,Ramkrishna Forg.,https://www.screener.in/company/RKFORGE/consolidated/
1209,Sapphire Foods,https://www.screener.in/company/SAPPHIRE/consolidated/
1210,Varroc Engineer,https://www.screener.in/company/VARROC/consolidated/
1211,Medplus Health,https://www.screener.in/company/MEDPLUS/consolidated/
1212,P N Gadgil Jewe.,https://www.screener.in/company/PNGJL/consolidated/
1213,Sri Lotus,https://www.screener.in/company/LOTUSDEV/consolidated/
1214,Sansera Enginee.,https://www.screener.in/company/SANSERA/consolidated/
1215,Saregama India,https://www.screener.in/company/SAREGAMA/consolidated/
1216,A B Lifestyle,https://www.screener.in/company/ABLBL/consolidated/
1217,TBO Tek,https://www.screener.in/company/TBOTEK/consolidated/
1218,Ventive Hospital,https://www.screener.in/company/VENTIVE/consolidated/
1219,Vedant Fashions,https://www.screener.in/company/MANYAVAR/
1220,CIE Automotive,https://www.screener.in/company/CIEINDIA/consolidated/
1221,Craftsman Auto,https://www.screener.in/company/CRAFTSMAN/consolidated/
1222,Sobha,https://www.screener.in/company/SOBHA/consolidated/
1223,JBM Auto,https://www.screener.in/company/JBMA/consolidated/
1224,V-Guard Industri,https://www.screener.in/company/VGUARD/consolidated/
1225,Bata India,https://www.screener.in/company/BATAINDIA/consolidated/
1226,Akzo Nobel,https://www.screener.in/company/AKZOINDIA/
1227,Whirlpool India,https://www.screener.in/company/WHIRLPOOL/
1228,Indiamart Inter.,https://www.screener.in/company/INDIAMART/consolidated/
1229,PG Electroplast,https://www.screener.in/company/PGEL/consolidated/
1230,Trident,https://www.screener.in/company/TRIDENT/consolidated/
1231,Schloss Bangal.,https://www.screener.in/company/THELEELA/consolidated/
1232,BLS Internat.,https://www.screener.in/company/BLS/consolidated/
1233,Belrise Industri,https://www.screener.in/company/BELRISE/consolidated/
1234,CEAT,https://www.screener.in/company/CEATLTD/consolidated/
1235,SignatureGlobal,https://www.screener.in/company/SIGNATURE/consolidated/
1236,Minda Corp,https://www.screener.in/company/MINDACORP/consolidated/
1237,Lemon Tree Hotel,https://www.screener.in/company/LEMONTREE/consolidated/
1238,Cello World,https://www.screener.in/company/CELLO/consolidated/
1239,Embassy Develop,https://www.screener.in/company/EMBDL/consolidated/
1240,Olectra Greentec,https://www.screener.in/company/OLECTRA/consolidated/
1241,Mindspace Busine,https://www.screener.in/company/MINDSPACE/consolidated/
1242,ZF Commercial,https://www.screener.in/company/ZFCVINDIA/
1243,Sona BLW Precis.,https://www.screener.in/company/SONACOMS/consolidated/
1244,Nexus Select,https://www.screener.in/company/NXST/consolidated/
1245,EIH,https://www.screener.in/company/EIHOTEL/consolidated/
1246,Ather Energy,https://www.screener.in/company/ATHERENERG/
1247,Anant Raj,https://www.screener.in/company/ANANTRAJ/consolidated/
1248,Urban Company,https://www.screener.in/company/URBANCO/consolidated/
1249,Ola Electric,https://www.screener.in/company/OLAELEC/consolidated/
1250,Sun TV Network,https://www.screener.in/company/SUNTV/consolidated/
1251,Brigade Enterpr.,https://www.screener.in/company/BRIGADE/consolidated/
1252,Asahi India Glas,https://www.screener.in/company/ASAHIINDIA/consolidated/
1253,Brookfield India,https://www.screener.in/company/BIRET/consolidated/
1254,Sundram Fasten.,https://www.screener.in/company/SUNDRMFAST/consolidated/
1255,Force Motors,https://www.screener.in/company/FORCEMOT/consolidated/
1256,Chalet Hotels,https://www.screener.in/company/CHALET/consolidated/
1257,Devyani Intl.,https://www.screener.in/company/DEVYANI/consolidated/
1258,Kansai Nerolac,https://www.screener.in/company/KANSAINER/consolidated/
1259,Brainbees Solut.,https://www.screener.in/company/FIRSTCRY/consolidated/
1260,Kajaria Ceramics,https://www.screener.in/company/KAJARIACER/consolidated/
1261,Gabriel India,https://www.screener.in/company/GABRIEL/
1262,Crompton Gr. Con,https://www.screener.in/company/CROMPTON/consolidated/
1263,Amara Raja Ener.,https://www.screener.in/company/ARE&M/
1264,Century Plyboard,https://www.screener.in/company/CENTURYPLY/consolidated/
1265,Travel Food,https://www.screener.in/company/TRAVELFOOD/consolidated/
1266,Schaeffler India,https://www.screener.in/company/SCHAEFFLER/
1267,MRF,https://www.screener.in/company/MRF/consolidated/
1268,Prestige Estates,https://www.screener.in/company/PRESTIGE/consolidated/
1269,Berger Paints,https://www.screener.in/company/BERGEPAINT/consolidated/
1270,Godrej Propert.,https://www.screener.in/company/GODREJPROP/consolidated/
1271,Tube Investments,https://www.screener.in/company/TIINDIA/consolidated/
1272,Oberoi Realty,https://www.screener.in/company/OBEROIRLTY/consolidated/
1273,Bharat Forge,https://www.screener.in/company/BHARATFORG/consolidated/
1274,Phoenix Mills,https://www.screener.in/company/PHOENIXLTD/consolidated/
1275,I R C T C,https://www.screener.in/company/IRCTC/
1276,Kalyan Jewellers,https://www.screener.in/company/KALYANKJIL/consolidated/
1277,Page Industries,https://www.screener.in/company/PAGEIND/
1278,Voltas,https://www.screener.in/company/VOLTAS/consolidated/
1279,ITC Hotels,https://www.screener.in/company/ITCHOTELS/consolidated/
1280,Balkrishna Inds,https://www.screener.in/company/BALKRISIND/consolidated/
1281,Endurance Tech.,https://www.screener.in/company/ENDURANCE/consolidated/
1282,Embassy Off.REIT,https://www.screener.in/company/EMBASSY/consolidated/
1283,Jubilant Food.,https://www.screener.in/company/JUBLFOOD/consolidated/
1284,Blue Star,https://www.screener.in/company/BLUESTARCO/consolidated/
1285,K P R Mill Ltd,https://www.screener.in/company/KPRMILL/consolidated/
1286,Metro Brands,https://www.screener.in/company/METROBRAND/consolidated/
1287,Exide Inds.,https://www.screener.in/company/EXIDEIND/consolidated/
1288,Apollo Tyres,https://www.screener.in/company/APOLLOTYRE/consolidated/
1289,Motherson Wiring,https://www.screener.in/company/MSUMI/
1290,Amber Enterp.,https://www.screener.in/company/AMBER/consolidated/
1291,Maruti Suzuki,https://www.screener.in/company/MARUTI/consolidated/
1292,M & M,https://www.screener.in/company/M&M/consolidated/
1293,Eternal Ltd,https://www.screener.in/company/ETERNAL/consolidated/
1294,Titan Company,https://www.screener.in/company/TITAN/consolidated/
1295,Avenue Super.,https://www.screener.in/company/DMART/consolidated/
1296,Tata Motors,https://www.screener.in/company/TATAMOTORS/consolidated/
1297,Bajaj Auto,https://www.screener.in/company/BAJAJ-AUTO/consolidated/
1298,Asian Paints,https://www.screener.in/company/ASIANPAINT/consolidated/
1299,Hyundai Motor I,https://www.screener.in/company/HYUNDAI/
1300,Eicher Motors,https://www.screener.in/company/EICHERMOT/consolidated/
1301,DLF,https://www.screener.in/company/DLF/consolidated/
1302,TVS Motor Co.,https://www.screener.in/company/TVSMOTOR/consolidated/
1303,Trent,https://www.screener.in/company/TRENT/consolidated/
1304,Bosch,https://www.screener.in/company/BOSCHLTD/
1305,Lodha Developers,https://www.screener.in/company/LODHA/consolidated/
1306,Hero Motocorp,https://www.screener.in/company/HEROMOTOCO/consolidated/
1307,Samvardh. Mothe.,https://www.screener.in/company/MOTHERSON/consolidated/
1308,Swiggy,https://www.screener.in/company/SWIGGY/consolidated/
1309,Indian Hotels Co,https://www.screener.in/company/INDHOTEL/consolidated/
1310,Dixon Technolog.,https://www.screener.in/company/DIXON/consolidated/
1311,Havells India,https://www.screener.in/company/HAVELLS/consolidated/
1312,Info Edg.(India),https://www.screener.in/company/NAUKRI/consolidated/
1313,Uno Minda,https://www.screener.in/company/UNOMINDA/consolidated/
1314,FSN E-Commerce,https://www.screener.in/company/NYKAA/consolidated/
1315,Vishal Mega Mart,https://www.screener.in/company/VMM/consolidated/
