,Movie Name
0, The Shawshank Redemption
1, The Godfather
2, The Dark Knight
3, The Godfather Part II
4, 12 Angry Men
5, The Lord of the Rings: The Return of the King
6, Schindler's List
7, Pulp Fiction
8, The Lord of the Rings: The Fellowship of the Ring
9," The Good, the Bad and the Ugly"
10, Forrest Gump
11, The Lord of the Rings: The Two Towers
12, Fight Club
13, Inception
14, Star Wars: Episode V - The Empire Strikes Back
15, The Matrix
16, GoodFellas
17, Interstellar
18, One Flew Over the Cuckoo's Nest
19, Seven
20, It's a Wonderful Life
21, The Silence of the Lambs
22, Seven Samurai
23, Saving Private Ryan
24, The Green Mile
25, City of God
26, Life Is Beautiful
27, Terminator 2: Judgment Day
28, Star Wars: Episode IV - A New Hope
29, Back to the Future
30, Spirited Away
31, The Pianist
32, Gladiator
33, Parasite
34, Psycho
35, The Lion King
36, Grave of the Fireflies
37, The Departed
38, Whiplash
39, Harakiri
40, The Prestige
41, American History X
42, Leon
43, Spider-Man: Across the Spider-Verse
44, Casablanca
45, Cinema Paradiso
46, The Usual Suspects
47, Untouchable
48, Alien
49, Modern Times
50, Rear Window
51, Once Upon a Time in the West
52, Django Unchained
53, City Lights
54, Apocalypse Now
55, WALL·E
56, Memento
57, Dune: Part Two
58, Raiders of the Lost Ark
59, Avengers: Infinity War
60, The Lives of Others
61, Sunset Blvd
62, Spider-Man: Into the Spider-Verse
63, Witness for the Prosecution
64, Paths of Glory
65, The Shining
66, The Great Dictator
67, 12th Fail
68, Inglourious Basterds
69, Aliens
70, The Dark Knight Rises
71, Coco
72, Amadeus
73, Avengers: Endgame
74, Toy Story
75, Good Will Hunting
76, Dr
77, Oldboy
78, High and Low
79, Das Boot
80, Braveheart
81, American Beauty
82, Princess Mononoke
83, Your Name
84, 3 Idiots
85, Joker
86, Capernaum
87, Once Upon a Time in America
88, Singin' in the Rain
89, Come and See
90, Requiem for a Dream
91, Star Wars: Episode VI - Return of the Jedi
92, Toy Story 3
93, The Hunt
94, Ikiru
95, Eternal Sunshine of the Spotless Mind
96, Incendies
97, The Apartment
98, 2001: A Space Odyssey
99, Lawrence of Arabia
100, Reservoir Dogs
101, Scarface
102, Heat
103, Double Indemnity
104, North by Northwest
105, Up
106, M
107, Citizen Kane
108, Full Metal Jacket
109, Vertigo
110, Amélie
111, Like Stars on Earth
112, A Separation
113, To Kill a Mockingbird
114, Die Hard
115, Indiana Jones and the Last Crusade
116, The Sting
117, A Clockwork Orange
118, The Chaos Class Failed the Class
119, Metropolis
120, Oppenheimer
121, Snatch
122, 1917
123, L
124, Bicycle Thieves
125, Downfall
126, Dangal
127, The Wolf of Wall Street
128, Hamilton
129, Green Book
130, Taxi Driver
131, The Truman Show
132, Batman Begins
133, For a Few Dollars More
134, Judgment at Nuremberg
135, Some Like It Hot
136, Shutter Island
137, The Kid
138, The Father
139, Jurassic Park
140, All About Eve
141, There Will Be Blood
142, The Sixth Sense
143, Ran
144, Casino
145, Top Gun: Maverick
146, No Country for Old Men
147, The Thing
148, Unforgiven
149, Pan's Labyrinth
150, Kill Bill: Vol
151, A Beautiful Mind
152, Prisoners
153, The Treasure of the Sierra Madre
154, The Best of Youth
155, Yojimbo
156, Finding Nemo
157, Howl's Moving Castle
158, The Great Escape
159, Monty Python and the Holy Grail
160, The Elephant Man
161, Dial M for Murder
162, Klaus
163, Gone with the Wind
164, The Secret in Their Eyes
165, Chinatown
166," Lock, Stock and Two Smoking Barrels"
167, Rashomon
168, V for Vendetta
169, Inside Out
170," Three Billboards Outside Ebbing, Missouri"
171, Catch Me If You Can
172, Trainspotting
173, The Bridge on the River Kwai
174, Raging Bull
175, The Wild Robot
176, Fargo
177, Harry Potter and the Deathly Hallows: Part 2
178, Warrior
179, Gran Torino
180, Million Dollar Baby
181, Ben-Hur
182, Mad Max: Fury Road
183, My Neighbour Totoro
184, Barry Lyndon
185, Dead Poets Society
186, Children of Heaven
187, Hacksaw Ridge
188, Spider-Man: No Way Home
189, The Grand Budapest Hotel
190, 12 Years a Slave
191, Before Sunrise
192, Blade Runner
193, Memories of Murder
194, Gone Girl
195, Ratatouille
196, How to Train Your Dragon
197," Monsters, Inc"
198, In the Name of the Father
199, Jaws
200, Wild Tales
201, The Gold Rush
202, Le Mans '66
203, Sherlock Jr
204, Mary and Max
205, The Deer Hunter
206, The Wages of Fear
207, The General
208, Mr
209, On the Waterfront
210, Logan
211, Rocky
212, Wild Strawberries
213, Tokyo Story
214, The Third Man
215, Spotlight
216, Pirates of the Caribbean: The Curse of the Black Pearl
217, Maharaja
218, The Terminator
219, The Big Lebowski
220, La haine
221, The Seventh Seal
222, Room
223, Jai Bhim
224, Hotel Rwanda
225, Platoon
226, The Best Years of Our Lives
227, Before Sunset
228, The Sound of Music
229, The Exorcist
230, The Incredibles
231, Hachi: A Dog's Tale
232, Rush
233, The Wizard of Oz
234, The Passion of Joan of Arc
235, Stand by Me
236, A Silent Voice
237, My Father and My Son
238, The Iron Giant
239, Network
240, The Handmaiden
241, The Battle of Algiers
242, The Grapes of Wrath
243, To Be or Not to Be
244, Into the Wild
245, Groundhog Day
246, The Help
247, Gangs of Wasseypur
248, Drishyam
249, Demon Slayer: Kimetsu no Yaiba - The Movie: Mugen Train
