,TITLE,INSTRUCTOR,RATING,LINK
1,100 Days of Code: The Complete Python Pro Bootcamp,"Dr. Angela Yu, Developer and Lead Instructor",4.7,https://www.udemy.com/course/100-days-of-code/
2,Complete 2025 Python Bootcamp: Learn Python from Scratch,Haris Ali Khan,4.6,https://www.udemy.com/course/codewithharry-python/
3,The Complete Python Bootcamp From Zero to Hero in Python,"Jose Portilla, Pierian Training",4.6,https://www.udemy.com/course/complete-python-bootcamp/
4,Learn Python Programming - Beginner to Master,Abdul Bari,4.6,https://www.udemy.com/course/learn-python-with-abdul-bari/
5,The Ultimate Python Bootcamp: Learn by Building 50 Projects,Hitesh Choudhary,4.7,https://www.udemy.com/course/100-days-of-python/
6,Python Mega Course: Build 20 Real-World Apps and AI Agents,Ardit Sulce,4.6,https://www.udemy.com/course/the-python-mega-course/
7,The Complete Python Developer,Andrei Neagoie,4.6,https://www.udemy.com/course/complete-python-developer-zero-to-mastery/
8,The Complete Python Course | Learn Python by Doing in 2025,"Codestars â€¢ over 2.5 million students worldwide!, Jose Salvatierra, Rob Percival, Teclado by Jose Salvatierra",4.6,https://www.udemy.com/course/the-complete-python-course/
9,Complete Python With DSA Bootcamp + LEETCODE Exercises,"Krish Naik, Mayank Aggarwal, KRISHAI Technologies Private Limited",4.5,https://www.udemy.com/course/complete-python-dsa-bootcamp/
10,Python for Absolute Beginners,Green Chameleon Learning,4.5,https://www.udemy.com/course/python-for-absolute-beginners-u/
11,Python PCEP: Become Certified Entry-Level Python Programmer,Adrian Wiech,4.6,https://www.udemy.com/course/python-pcep/
12,Python for Data Science and Machine Learning Bootcamp,"Jose Portilla, Pierian Training",4.6,https://www.udemy.com/course/python-for-data-science-and-machine-learning-bootcamp/
13,Python 3: Fundamentals,Dr. Fred Baptiste,4.7,https://www.udemy.com/course/python3-fundamentals/
14,Total Python: You Can Master Python Programming in 16 Days,"Federico Garay, Phil Ebiner, Video School, Escuela Directa",4.6,https://www.udemy.com/course/total-python/
15,Python Bootcamp 2025: Basics to Advanced with Real Projects,"Programming Hub: 40 million+ global students, Laxminarayan Narayan G",4.3,https://www.udemy.com/course/complete-python-course-from-basics-to-advanced-2024/
16,The Ultimate Python Masterclass: Build 24 Python Projects,Ashutosh Pawar,4.5,https://www.udemy.com/course/python-masterclass-course/
17,Learn Python Programming Masterclass,"Tim Buchalka, Jean-Paul Roberts, Tim Buchalka's Learn Programming Academy",4.6,https://www.udemy.com/course/python-the-complete-python-developer-course/
18,[NEW] Python Bootcamp: Beginner to Master Programming,"in28Minutes Official, Dev | Principal Software Engineer, Tech Instructor & Mentor",4.5,https://www.udemy.com/course/python-programming-for-beginners-with-exercises/
19,Python for beginners,Bharath Thippireddy,4.5,https://www.udemy.com/course/python-core-and-advanced/
20,"Full-Stack AI with Python: LLMs, RAG, Agents & LangGraph","Hitesh Choudhary, Piyush Garg",4.7,https://www.udemy.com/course/full-stack-ai-with-python/
21,One Week Python,Colt Steele,4.8,https://www.udemy.com/course/one-week-python/
22,Python 3: Deep Dive (Part 1 - Functional),Dr. Fred Baptiste,4.8,https://www.udemy.com/course/python-3-deep-dive-part-1/
23,Automate Everything with Python,Ardit Sulce,4.4,https://www.udemy.com/course/automate-everything-with-python/
24,The Modern Python 3 Bootcamp,Colt Steele,4.7,https://www.udemy.com/course/the-modern-python3-bootcamp/
